Date;Target Name;;;;Target;Target Industry Sector;;Target;;Acquiror Name;Acquiror;Industry Sector;;Acquiror;Acquiror;% of;Value of;Acquiror;Target;Acquiror;Target
Effective;;;;;Primary;;;Nation;;;;;;Primary;Nation;Shares;Transaction;Datastream;Datastream;Ticker;Ticker
;;;;;SIC;;;;;;;;;SIC;;Acq.;($mil);Code;Code;Symbol;Symbol
;;;;;Code;;;;;;;;;Code;;;;;;;
11.07.2000;Racal Electron;ics;P;LC;3571;Computer and Office Equ;ipment;United;Kingdom;Thomson-CSF;Aerospace;and Aircraft;;3769;France;100.00;2,173.955;923543;900557;TCFP;RCAL
05.04.2005;Scoot.com PLC;;;;7375;Business Services;;United;Kingdom;Vivendi SA;Electric,;Gas, and Water;Distribution;4941;France;juin.18;125.174;923139;953822;GDE;SCO.L
;;;;;;;;;;;;;;;;;;;;;SCOP
10.03.2000;BTP PLC;;;;2819;Chemicals and Allied Pr;oducts;United;Kingdom;Clariant AG;Chemicals;and Allied Pro;ducts;2899;Switzerland;100.00;1,739.395;143981;910152;0QJS;BTPL
;;;;;;;;;;;;;;;;;;;;0QJSS;
;;;;;;;;;;;;;;;;;;;;CLN;
;;;;;;;;;;;;;;;;;;;;CLN;
;;;;;;;;;;;;;;;;;;;;CLN;
;;;;;;;;;;;;;;;;;;;;CLRZN;
;;;;;;;;;;;;;;;;;;;;CLRZN;
;;;;;;;;;;;;;;;;;;;;CLRZN;
;;;;;;;;;;;;;;;;;;;;CLRZN;
;;;;;;;;;;;;;;;;;;;;CLRZN;
;;;;;;;;;;;;;;;;;;;;CLRZN;
;;;;;;;;;;;;;;;;;;;;CLRZN;
24.03.2000;Hidden Hearing;In;tl;Plc;5999;Miscellaneous Retail Tr;ade;United;Kingdom;Demant A/S;Measuring;, Medical, Phot;"o Equipment; Clocks";3842;Denmark;100.00;37.923;143721;686452;WDH;HDH
30.03.2000;Fairfield Ente;rpr;is;es PLC;5084;Wholesale Trade-Durable;Goods;United;Kingdom;Bobst Group SA;Machinery;;;3565;Switzerland;100.00;33.542;997035;899864;BOBNN;FFD
26.06.2000;Meyer Internat;ion;al;PLC;5031;Wholesale Trade-Durable;Goods;United;Kingdom;Cie de Saint-Gobain SA;Stone, Cl;ay, Glass, and;Concrete Products;3231;France;100.00;2,043.346;741689;;GOB;MYER
;;;;;;;;;;;;;;;;;;;;SGO;
;;;;;;;;;;;;;;;;;;;;SGOA;
;;;;;;;;;;;;;;;;;;;;SGOB;
31.05.2000;Courtaulds Tex;til;es;PLC;2211;Textile and Apparel Pro;ducts;United;Kingdom;Sara Lee Corp;Food and;Kindred Product;s;2011;United States;100.00;238.77;906180;904983;SLE;CTX
28.06.2000;Critchley Grou;p P;LC;;3089;Rubber and Miscellaneou;s Plastic Produc;ts          United;Kingdom;Tyco International Ltd;Machinery;;;3569;Bermuda;100.00;194.977;545615;301916;TYC;CTY
;;;;;;;;;;;;;;;;;;;;TYC;
;;;;;;;;;;;;;;;;;;;;TYI;
10.04.2000;Metroline PLC;;;;4111;Transportation and Ship;ping (except air;)           United;Kingdom;DelGro Corp Ltd;Transport;ation and Shipp;ing (except air);4111;Singapore;100.00;118.714;540271;899054;DGRO;MRO
30.04.2000;Radical Techno;log;y;PLC;7372;Prepackaged Software;;United;Kingdom;Internet Holdings Inc;Investmen;t & Commodity F;irms,Dealers,Exchanges;6799;United States;76.73;11.722;873076;;HTTP;
07.08.2000;British Borneo;Oi;l;& Gas PLC;1311;"Oil and Gas; Petroleum";Refining;United;Kingdom;Eni SpA;Oil and G;"as; Petroleum R";efining;2911;Italy;100.00;1,256.915;866154;904122;E;BOR
;;;;;;;;;;;;;;;;;;;;ENI;
10.04.2000;ITIS Holdings;PLC;;;7383;Business Services;;United;Kingdom;Gold-Zack AG;Investmen;t & Commodity F;irms,Dealers,Exchanges;6282;Germany;10.00;;775775;266324;GOZ;ITH
23.05.2000;Romtec PLC;;;;8732;Business Services;;United;Kingdom;Total Research Corp;Business;Services;;8732;United States;100.00;6.828;519327;870872;TOTL;ROM
16.10.2000;Allied Zurich;PLC;;;6311;Insurance;;United;Kingdom;Zurich Allied AG;Insurance;;;6311;Switzerland;100.00;19,399.101;;686714;ZUA;ADZ
10.07.2000;Sun Life and P;rov;in;cial;6311;Insurance;;United;Kingdom;AXA SA;Insurance;;;6311;France;43.68;3,535.148;936732;875866;AXA;SLP
;;;;;;;;;;;;;;;;;;;;AXA;
08.09.2000;RCO Holdings P;LC;;;7349;Business Services;;United;Kingdom;ISS A/S;Business;Services;;7349;Denmark;100.00;44.299;950988;981418;ISG;RCOH
;;;;;;;;;;;;;;;;;;;;ISS;
17.08.2000;Thomson Travel;Gr;ou;p PLC;4724;Transportation and Ship;ping (except air;)           United;Kingdom;Preussag AG;Transport;ation and Shipp;ing (except air);4724;Germany;100.00;2,730.60;866055;679683;PRS;TRV
30.06.2000;SGB Group PLC;;;;1799;Construction Firms;;United;Kingdom;Harsco Corp;Metal and;Metal Products;;3446;United States;100.00;282.594;912225;897474;HSC;SGB
14.07.2000;First Choice H;oli;da;ys PLC;4724;Transportation and Ship;ping (except air;)           United;Kingdom;Royal Caribbean Internationa;l      Transport;ation and Shipp;ing (except air);4481;United States;;296.48;;;RCL;FCD
24.07.2000;Arjo Wiggins A;ppl;et;on PLC;2621;Paper and Allied Produc;ts;United;Kingdom;Worms & Cie;Insurance;;;6311;France;60.16;1,958.818;673898;914563;SIMR;AWA
26.09.2000;MG PLC;;;;6221;Investment & Commodity;Firms,Dealers,Ex;changes     United;Kingdom;Enron Corp;Oil and G;"as; Petroleum R";efining;1311;United States;100.00;446.43;905190;273470;ENE;
17.08.2000;Ring PLC;;;;3699;Electronic and Electric;al Equipment;United;Kingdom;Catalina Lighting Inc;Electroni;c and Electrica;l Equipment;3645;United States;100.00;32.59;772113;911206;LTG;RNG.L
25.08.2000;WF Electrical;PLC;;;5063;Wholesale Trade-Durable;Goods;United;Kingdom;Hagemeyer NV;Wholesale;Trade-Nondurab;le Goods;5141;Netherlands;100.00;137.604;929307;926598;HGM;WFIT
07.09.2000;Saatchi & Saat;chi;P;LC;7311;Advertising Services;;United;Kingdom;Publicis Groupe SA;Advertisi;ng Services;;7319;France;100.00;1,799.626;936775;896526;PUB;SSA
;;;;;;;;;;;;;;;;;;;;PUBGY;
30.09.2000;Millennium & C;opt;ho;rne Hotels;7011;Hotels and Casinos;;United;Kingdom;City Developments Ltd;Real Esta;"te; Mortgage Ba";nkers and Brokers;6552;Singapore;52.40;783.637;921754;870866;C09;MLC
;;;;;;;;;;;;;;;;;;;;CDEVY;
04.09.2000;BCO Technologi;es;PL;C;3674;Electronic and Electric;al Equipment;United;Kingdom;Analog Devices Inc;Electroni;c and Electrica;l Equipment;3674;United States;100.00;152.251;905276;671457;ADI;
;;;;;;;;;;;;;;;;;;;;;
18.08.2000;Limit PLC;;;;6411;Insurance;;United;Kingdom;QBE Insurance Group Ltd;Insurance;;;6311;Australia;96.82;548.259;13778K;955368;QBE;LIM
25.08.2000;Hickson Intern;ati;on;al PLC;2821;Chemicals and Allied Pr;oducts;United;Kingdom;Arch Chemicals Inc;Chemicals;and Allied Pro;ducts;2899;United States;100.00;145.97;694517;900453;ARJ;HKSN
26.10.2000;Oxford Asymmet;ry;In;ternational;2834;Drugs;;United;Kingdom;Evotech BioSystems AG;Drugs;;;2834;Germany;100.00;472.844;278248;676562;EVT;OAI
29.12.2000;Thames Water P;LC;;;4941;Electric, Gas, and Wate;r Distribution;United;Kingdom;Rwe AG;Electric,;Gas, and Water;Distribution;4911;Germany;100.00;6,255.835;866056;686334;RWE;WAT
;;;;;;;;;;;;;;;;;;;;RWE;
28.09.2000;Cambridge Anti;bod;y;Tech Grp;2834;Drugs;;United;Kingdom;Genzyme Corp;Drugs;;;2836;United States;0.88;20.089;729431;888572;GENZ;CATGY
16.02.2001;Ellis & Everar;d P;LC;;2819;Chemicals and Allied Pr;oducts;United;Kingdom;Koninklijke Vopak NV;Transport;ation and Shipp;ing (except air);4213;Netherlands;100.00;443.761;278066;905560;VPK;EEVL
;;;;;;;;;;;;;;;;;;;;VPK;
16.01.2001;Hazlewood Food;s P;LC;;2032;Food and Kindred Produc;ts;United;Kingdom;Greencore Group PLC;Food and;Kindred Product;s;2099;Ireland-Rep;100.00;369.367;507175;910394;GNC;HZLE
;;;;;;;;;;;;;;;;;;;;GNCL;
;;;;;;;;;;;;;;;;;;;;GNCL;
17.11.2000;Direct Dialog;;;;7389;Business Services;;United;Kingdom;Call Centre Alliance SA;Business;Services;;7389;France;100.00;;289422;;CCA;
20.11.2000;Silentpoint PL;C;;;8742;Business Services;;United;Kingdom;Corvus Capital Inc;Investmen;t & Commodity F;irms,Dealers,Exchanges;6799;British Virgi;n  40.00;0.711;296454;286125;CVS;SLP
22.01.2001;Hewden Stuart;PLC;;;7353;Business Services;;United;Kingdom;Finning International Inc;Wholesale;Trade-Durable;Goods;5082;Canada;100.00;456.513;741311;911982;FTT;HEWS
20.02.2001;Freeserve PLC(;Dix;on;s Group);7375;Business Services;;United;Kingdom;Wanadoo SA;Business;Services;;7375;France;100.00;2,306.473;289401;;NAD.PA;FRE
;;;;;;;;;;;;;;;;;;;;;FREE
03.04.2001;LASMO PLC;;;;1381;"Oil and Gas; Petroleum";Refining;United;Kingdom;Eni SpA;Oil and G;"as; Petroleum R";efining;2911;Italy;100.00;3,975.717;866154;903091;E;LSMR
;;;;;;;;;;;;;;;;;;;;ENI;LSO
11.07.2001;Blue Circle In;dus;tr;ies PLC;3241;Stone, Clay, Glass, and;Concrete Produc;ts          United;Kingdom;Lafarge SA;Stone, Cl;ay, Glass, and;Concrete Products;3241;France;77.51;3,737.536;916745;900304;LAFP;BCI
;;;;;;;;;;;;;;;;;;;;LAFP;
;;;;;;;;;;;;;;;;;;;;LAFP;
;;;;;;;;;;;;;;;;;;;;LAFP;
;;;;;;;;;;;;;;;;;;;;LAFP;
;;;;;;;;;;;;;;;;;;;;LGA;
;;;;;;;;;;;;;;;;;;;;LR;
20.02.2001;PPL Therapeuti;cs;PL;C;2834;Drugs;;United;Kingdom;Bayer AG;Chemicals;and Allied Pro;ducts;2899;Germany;août.50;14.466;866035;871632;BAYN;PPL
;;;;;;;;;;;;;;;;;;;;BAYN;PPT
;;;;;;;;;;;;;;;;;;;;BAYN;
;;;;;;;;;;;;;;;;;;;;BAYN;
;;;;;;;;;;;;;;;;;;;;BAYN;
;;;;;;;;;;;;;;;;;;;;BAYZF;
29.06.2001;Billiton PLC;;;;1099;Mining;;United;Kingdom;BHP Ltd;Mining;;;1021;Australia;100.00;11,510.99;906169;;BBL;BLT
;;;;;;;;;;;;;;;;;;;;BHP;
;;;;;;;;;;;;;;;;;;;;BHP;
;;;;;;;;;;;;;;;;;;;;BHP;
01.07.2002;PowerGen PLC;;;;4911;Electric, Gas, and Wate;r Distribution;United;Kingdom;E On Ag;Electric,;Gas, and Water;Distribution;4911;Germany;100.00;7,401.618;916235;;EOAN;PWG
;;;;;;;;;;;;;;;;;;;;EON;
;;;;;;;;;;;;;;;;;;;;EON;
;;;;;;;;;;;;;;;;;;;;EONAF;
31.05.2001;Community Hosp;ita;ls;Group PLC;8062;Health Services;;United;Kingdom;Capio AB;Health Se;rvices;;8062;Sweden;100.00;351.433;266155;991439;CAPI;CHP
02.05.2001;Chaucer Holdin;gs;PL;C;6411;Insurance;;United;Kingdom;Vesta Insurance Group Inc;Insurance;;;6331;United States;sept.86;8.201;357255;70201D;VTA;CHU
18.07.2001;Pifco Holdings;PL;C;;3634;Electronic and Electric;al Equipment;United;Kingdom;Salton Inc;Electroni;c and Electrica;l Equipment;3634;United States;100.00;71.647;545856;902740;SFP;PFCL
25.05.2001;Viking Interne;t P;LC;;6799;Investment & Commodity;Firms,Dealers,Ex;changes     United;Kingdom;Sunvest Corp Ltd;Investmen;t & Commodity F;irms,Dealers,Exchanges;6282;Australia;nov.20;0.207;314462;295004;SVS;WKI
20.09.2001;Gemini Genomic;s P;LC;;8731;Business Services;;United;Kingdom;Sequenom Inc;Measuring;, Medical, Phot;"o Equipment; Clocks";3841;United States;100.00;228.687;281630;264377;SQNM;GMNI
04.09.2001;Towry Law PLC;;;;6282;Investment & Commodity;Firms,Dealers,Ex;changes     United;Kingdom;AMP Ltd;Investmen;t & Commodity F;irms,Dealers,Exchanges;6799;Australia;100.00;106.923;675492;312740;AMP;TOW
27.06.2001;enterpriseAsia;.co;m;PLC;7375;Business Services;;United;Kingdom;Stratus Services Group Inc;Business;Services;;7363;United States;28.oct;4.589;286711;287421;SSVG;EPA.L
15.08.2001;Interactive In;v I;nt;l Plc;6282;Investment & Commodity;Firms,Dealers,Ex;changes     United;Kingdom;AMP Ltd;Investmen;t & Commodity F;irms,Dealers,Exchanges;6799;Australia;100.00;77.895;675492;285701;AMP;IIN
;;;;;;;;;;;;;;;;;;;;;IINV
30.07.2001;ADVFN.com PLC;;;;7375;Business Services;;United;Kingdom;GlobalNetFinancial.com Inc;Investmen;t & Commodity F;irms,Dealers,Exchanges;6211;United States;06.août;0.996;891352;290212;GLBN;AFN
;;;;;;;;;;;;;;;;;;;;GLFA;
10.10.2001;Relyon Group P;LC;;;2515;Wood Products, Furnitur;e, and Fixtures;United;Kingdom;Steinhoff International;Wood Prod;ucts, Furniture;, and Fixtures;2514;South Africa;100.00;53.321;687385;901722;SHF;RLYL
06.09.2001;S Daniels PLC;;;;2033;Food and Kindred Produc;ts;United;Kingdom;Singapore Food Industries Lt;d      Food and;Kindred Product;s;2038;Singapore;26.56;13.289;691921;;S22;DANL
10.12.2001;icollector PLC;;;;7389;Business Services;;United;Kingdom;Ableauctions.com Inc;Business;Services;;7389;Canada;100.00;15.184;689531;;AAC;ICLX
;;;;;;;;;;;;;;;;;;;;AAC;
13.08.2001;TBI PLC;;;;4581;Air Transportation and;Shipping;United;Kingdom;Vinci SA;Construct;ion Firms;;1522;France;14.90;106.521;772568;901591;DG;TBI
03.09.2001;ISA Internatio;nal;P;LC;5044;Wholesale Trade-Durable;Goods;United;Kingdom;Daisytek International Corp;Wholesale;Trade-Nondurab;le Goods;5112;United States;50.00;14.534;151705;953657;DZTK;ISAL
04.10.2001;Pilkington PLC;;;;3231;Stone, Clay, Glass, and;Concrete Produc;ts          United;Kingdom;Nippon Sheet Glass Co Ltd;Stone, Cl;ay, Glass, and;Concrete Products;3211;Japan;oct.45;207.425;930890;917163;5202;PILK
;;;;;;;;;;;;;;;;;;;;5202;
31.12.2001;Metrodome Grou;p P;LC;;7812;Motion Picture Producti;on and Distribut;ion         United;Kingdom;TV-Loonland AG;Radio and;Television Bro;adcasting Stations;4841;Germany;30.00;1.037;290906;362536;TVO;MRM
31.01.2002;Jacobs Holding;s P;LC;;6552;"Real Estate; Mortgage B";ankers and Broke;rs          United;Kingdom;The Bidvest Group Ltd;Miscellan;eous Retail Tra;de;5511;South Africa;56.68;42.291;950506;901124;BVT;JCBS
17.04.2003;P&O Princess C;rui;se;s PLC;4481;Transportation and Ship;ping (except air;)           United;Kingdom;Carnival Corp;Transport;ation and Shipp;ing (except air);4725;United States;100.00;5,537.565;755695;265148;CCL;POC
10.01.2002;Berkeley Berry;Bi;rc;h PLC;6282;Investment & Commodity;Firms,Dealers,Ex;changes     United;Kingdom;Foersaekrings AB Skandia;Insurance;;;6311;Sweden;4.00;3.602;702980;900837;SDIA;BBB
04.03.2002;Royal Doulton;PLC;;;3262;Stone, Clay, Glass, and;Concrete Produc;ts          United;Kingdom;Waterford Wedgwood PLC;Stone, Cl;ay, Glass, and;Concrete Products;3231;Ireland-Rep;mai.66;0.735;255074;312852;WATFZ;RDN
;;;;;;;;;;;;;;;;;;;;WTFSD;
;;;;;;;;;;;;;;;;;;;;WTFU;
05.03.2002;Royal Doulton;PLC;;;3262;Stone, Clay, Glass, and;Concrete Produc;ts          United;Kingdom;Waterford Wedgwood PLC;Stone, Cl;ay, Glass, and;Concrete Products;3231;Ireland-Rep;0.60;;255074;312852;WATFZ;RDN
;;;;;;;;;;;;;;;;;;;;WTFSD;
;;;;;;;;;;;;;;;;;;;;WTFU;
30.05.2002;Innogy Holding;s P;LC;;4923;Electric, Gas, and Wate;r Distribution;United;Kingdom;Rwe AG;Electric,;Gas, and Water;Distribution;4911;Germany;100.00;7,396.143;866056;263812;RWE;IOG
;;;;;;;;;;;;;;;;;;;;RWE;IOG.L
08.07.2002;Brancote Holdi;ngs;P;LC;1041;Mining;;United;Kingdom;Meridian Gold Inc;Mining;;;1041;United States;100.00;228.436;883051;135539;MDG;BNC
;;;;;;;;;;;;;;;;;;;;MNG;
03.07.2002;Guardian iT Pl;c;;;7373;Business Services;;United;Kingdom;SunGard Data Systems Inc;Business;Services;;7373;United States;100.00;243.069;719635;676563;SDS;GRD
18.07.2002;ISA Internatio;nal;P;LC;5044;Wholesale Trade-Durable;Goods;United;Kingdom;Daisytek International Corp;Wholesale;Trade-Nondurab;le Goods;5112;United States;100.00;juin.47;151705;953657;DZTK;ISAL
15.08.2002;Medicals Direc;t G;ro;up Plc;8099;Health Services;;United;Kingdom;Hooper Holmes Inc;Health Se;rvices;;8099;United States;100.00;9.041;777276;;HH;MDL
03.09.2002;Metrodome Grou;p P;LC;;7812;Motion Picture Producti;on and Distribut;ion         United;Kingdom;TV-Loonland AG;Radio and;Television Bro;adcasting Stations;4841;Germany;24.28;;290906;362536;TVO;MRM
25.09.2002;Media Corp PLC;;;;7999;Amusement and Recreatio;n Services;United;Kingdom;Boss Media AB;Prepackag;ed Software;;7372;Sweden;juin.27;;698990;268405;BOSS;MDC
26.11.2002;Protagona PLC;;;;7372;Prepackaged Software;;United;Kingdom;DoubleClick Inc;Business;Services;;7375;United States;100.00;12.909;677178;874500;DCLK;RGS
;;;;;;;;;;;;;;;;;;;;DOI;
11.12.2002;S Daniels PLC;;;;2033;Food and Kindred Produc;ts;United;Kingdom;Singapore Food Industries Lt;d      Food and;Kindred Product;s;2038;Singapore;70.10;25.501;691921;;S22;DANL
24.10.2002;Big Food Group;PL;C;;5411;Retail Trade-Food Store;s;United;Kingdom;Baugur Group hf;Retail Tr;ade-Food Stores;;5411;Iceland;14.99;27.844;13781C;900610;BAUG;BFP
02.11.2003;ECsoft Group P;LC;;;7373;Business Services;;United;Kingdom;Ciber Inc;Business;Services;;7371;United States;90.50;48.589;130590;681683;CBR;ECS
;;;;;;;;;;;;;;;;;;;;;ECSGY
04.04.2003;UDATE.com Inc;;;;7299;Personal Services;;United;Kingdom;USA Interactive;Radio and;Television Bro;adcasting Stations;4833;United States;100.00;112.207;321354;286023;USAI;UDAT
20.12.2002;Somerfield PLC;;;;5411;Retail Trade-Food Store;s;United;Kingdom;Baugur Group hf;Retail Tr;ade-Food Stores;;5411;Iceland;févr.95;;13781C;882048;BAUG;SOF
31.03.2003;Azlan Group Lt;d;;;7373;Business Services;;United;Kingdom;Tech Data Corp;Wholesale;Trade-Durable;Goods;5045;United States;100.00;227.859;729106;312760;TECD;AZL
07.02.2003;Framlington In;nov;at;ive Growth;6799;Investment & Commodity;Firms,Dealers,Ex;changes     United;Kingdom;Deutsche Bank AG;Commercia;l Banks, Bank H;olding Companies;6000;Germany;06.juil;;505686;;DBKG;FIT.L
;;;;;;;;;;;;;;;;;;;;DEUTSC;
24.04.2003;Eyretel plc;;;;7389;Business Services;;United;Kingdom;Witness Systems Inc;Prepackag;ed Software;;7372;United States;100.00;60.185;281858;290340;WITS;EYR
24.04.2003;Hemscott PLC;;;;7389;Business Services;;United;Kingdom;Dairy Brands New Zealand Ltd;Agricultu;re, Forestry, a;nd Fishing;241;New Zealand;14.juin;;362566;910777;DBR;HEM
31.05.2003;Hemscott PLC;;;;7389;Business Services;;United;Kingdom;Dairy Brands New Zealand Ltd;Agricultu;re, Forestry, a;nd Fishing;241;New Zealand;avr.70;0.362;362566;910777;DBR;HEM
25.04.2003;Clinical Compu;tin;g;PLC;7372;Prepackaged Software;;United;Kingdom;Second Advance Value;Investmen;t & Commodity F;irms,Dealers,Exchanges;6733;Guernsey;13.31;;26994K;361232;SAV;CLC
25.04.2003;European Colou;r P;LC;;2865;Chemicals and Allied Pr;oducts;United;Kingdom;Second Advance Value;Investmen;t & Commodity F;irms,Dealers,Exchanges;6733;Guernsey;mai.73;;26994K;910229;SAV;EUC
25.04.2003;Fenner PLC;;;;3535;Machinery;;United;Kingdom;Second Advance Value;Investmen;t & Commodity F;irms,Dealers,Exchanges;6733;Guernsey;mai.15;;26994K;900575;SAV;FENR
25.04.2003;Hampton Trust;PLC;;;6552;"Real Estate; Mortgage B";ankers and Broke;rs          United;Kingdom;Second Advance Value;Investmen;t & Commodity F;irms,Dealers,Exchanges;6733;Guernsey;juil.92;;26994K;;SAV;HMP
25.04.2003;LTG Technologi;es;PL;C;3549;Machinery;;United;Kingdom;Second Advance Value;Investmen;t & Commodity F;irms,Dealers,Exchanges;6733;Guernsey;05.sept;;26994K;688329;SAV;LTG
28.04.2003;Canary Wharf G;rou;p;PLC;6552;"Real Estate; Mortgage B";ankers and Broke;rs          United;Kingdom;Brascan Corp;Investmen;t & Commodity F;irms,Dealers,Exchanges;6799;Canada;5.00;;8784K2;697097;BAM.A;CWG
08.05.2003;Shiloh PLC;;;;3842;Measuring, Medical, Pho;"to Equipment; Cl";ocks        United;Kingdom;Second Advance Value;Investmen;t & Commodity F;irms,Dealers,Exchanges;6733;Guernsey;13.17;;26994K;910676;SAV;SLH
28.07.2003;PowderJect Pha;rma;ce;uticals PLC;2836;Drugs;;United;Kingdom;Chiron Corp;Drugs;;;2836;United States;100.00;880.587;944703;897584;CHIR;PJPL
28.05.2003;Telewest Commu;nic;at;ions PLC;4841;Radio and Television Br;oadcasting Stati;ons         United;Kingdom;IDT Corp;Telecommu;nications;;4813;United States;24.00;4.999;13874C;135090;IDT;TWSTY
;;;;;;;;;;;;;;;;;;;;;TWT
11.06.2003;MobileFuture P;LC;;;7375;Business Services;;United;Kingdom;Pacific Media PLC;Investmen;t & Commodity F;irms,Dealers,Exchanges;6799;Hong Kong;14.95;0.533;991330;269751;PCM;MBF
26.08.2003;Chubb PLC;;;;7382;Business Services;;United;Kingdom;United Technologies Corp;Aerospace;and Aircraft;;3724;United States;100.00;1,049.161;905122;266084;UTX;CHB
19.06.2003;MobileFuture P;LC;;;7375;Business Services;;United;Kingdom;Pacific Media PLC;Investmen;t & Commodity F;irms,Dealers,Exchanges;6799;Hong Kong;10.00;0.359;991330;269751;PCM;MBF
15.08.2003;RedHand Softwa;re;Lt;d;7372;Prepackaged Software;;United;Kingdom;Secure Blue Inc;Retail Tr;ade-Eating and;Drinking Places;5812;United States;100.00;;14928R;;SBLI;
30.09.2003;Inflexion PLC;;;;6799;Investment & Commodity;Firms,Dealers,Ex;changes     United;Kingdom;Deutsche Bank AG;Commercia;l Banks, Bank H;olding Companies;6000;Germany;mai.96;;505686;290643;DBKG;IFX
;;;;;;;;;;;;;;;;;;;;DEUTSC;
01.10.2003;South East Wat;er;Lt;d;4941;Electric, Gas, and Wate;r Distribution;United;Kingdom;Macquarie Bank Ltd;Investmen;t & Commodity F;irms,Dealers,Exchanges;6211;Australia;100.00;710.951;9747UT;;MBL;52HO
08.04.2004;Amersham PLC;;;;2836;Drugs;;United;Kingdom;General Electric Co;Electroni;c and Electrica;l Equipment;3612;United States;100.00;9,582.653;906150;671842;GE;AHM
;;;;;;;;;;;;;;;;;;;;;AHM
;;;;;;;;;;;;;;;;;;;;;AHM
20.11.2003;The Character;Gro;up;PLC;3942;Miscellaneous Manufactu;ring;United;Kingdom;Banca Popolare di Lodi Scarl;Commercia;l Banks, Bank H;olding Companies;6000;Italy;;5.794;504707;135264;PLO;CCT
22.11.2003;Singer & Fried;lan;de;r Group PLC;6211;Investment & Commodity;Firms,Dealers,Ex;changes     United;Kingdom;Kaupthing Bunadarbanki hf;Commercia;l Banks, Bank H;olding Companies;6000;Iceland;sept.50;;13781R;911944;KAUP;SFL
;;;;;;;;;;;;;;;;;;;;KAUP;
12.02.2004;Denison Intern;ati;on;al PLC;3594;Machinery;;United;Kingdom;Parker Hannifin Corp;Metal and;Metal Products;;3491;United States;100.00;243.136;905150;895687;PH;DENHY
19.07.2004;Securicor PLC;;;;7382;Business Services;;United;Kingdom;Group 4 Falck A/S;Investmen;t & Commodity F;irms,Dealers,Exchanges;6799;Denmark;100.00;1,711.144;14636R;;FALC;SCR
;;;;;;;;;;;;;;;;;;;;FALC;
;;;;;;;;;;;;;;;;;;;;FALC;
;;;;;;;;;;;;;;;;;;;;FALC;
;;;;;;;;;;;;;;;;;;;;FALCK;
10.02.2004;IFX Markets Lt;d;;;6289;Investment & Commodity;Firms,Dealers,Ex;changes     United;Kingdom;Cie Financiere Tradition SA;Investmen;t & Commodity F;irms,Dealers,Exchanges;6211;Switzerland;10.00;;772711;;CFT;IXF
;;;;;;;;;;;;;;;;;;;;CFT;
;;;;;;;;;;;;;;;;;;;;CFT;
;;;;;;;;;;;;;;;;;;;;CFT;
;;;;;;;;;;;;;;;;;;;;CFT;
;;;;;;;;;;;;;;;;;;;;CFT;
24.02.2004;Singer & Fried;lan;de;r Group PLC;6211;Investment & Commodity;Firms,Dealers,Ex;changes     United;Kingdom;Kaupthing Bunadarbanki hf;Commercia;l Banks, Bank H;olding Companies;6000;Iceland;10.00;95.264;13781R;911944;KAUP;SFL
;;;;;;;;;;;;;;;;;;;;KAUP;
06.08.2004;BIDvest PLC;;;;5142;Wholesale Trade-Nondura;ble Goods;United;Kingdom;The Bidvest Group Ltd;Miscellan;eous Retail Tra;de;5511;South Africa;19.00;171.246;950506;503977;BVT;BHL
;;;;;;;;;;;;;;;;;;;;;
24.09.2004;Drew Scientifi;c G;ro;up PLC;2835;Drugs;;United;Kingdom;Escalon Medical Corp;Measuring;, Medical, Phot;"o Equipment; Clocks";3845;United States;100.00;9.953;326092;319717;ESMC;DRWSF
;;;;;;;;;;;;;;;;;;;;;DWS
30.06.2004;Staffware PLC;;;;7372;Prepackaged Software;;United;Kingdom;TIBCO Software Inc;Prepackag;ed Software;;7372;United States;100.00;216.495;681677;875868;TIBX;STW
25.06.2004;Bell Group PLC;;;;7382;Business Services;;United;Kingdom;Securitas AB;Business;Services;;7381;Sweden;100.00;167.496;307020;697849;SECU B;BEL
09.07.2004;Celltech Group;PL;C;;8731;Business Services;;United;Kingdom;UCB SA;Drugs;;;2834;Belgium;100.00;2,747.182;916676;953096;UCB;CCH
;;;;;;;;;;;;;;;;;;;;UCBJY;CLL
02.08.2004;BIDCorp Plc;;;;4412;Transportation and Ship;ping (except air;)           United;Kingdom;The Bidvest Group Ltd;Miscellan;eous Retail Tra;de;5511;South Africa;41.40;36.755;950506;901124;BVT;JCBS
11.06.2004;Geest PLC;;;;2099;Food and Kindred Produc;ts;United;Kingdom;Bakkavor Group hf;Food and;Kindred Product;s;2038;Iceland;mai.88;;13780X;910180;BAKK;GETL
12.11.2004;Abbey National;PL;C;;6000;Commercial Banks, Bank;Holding Companie;s           United;Kingdom;Santander Central Hispano SA;Commercia;l Banks, Bank H;olding Companies;6000;Spain;100.00;15,787.492;702853;;BNC;ANBS
;;;;;;;;;;;;;;;;;;;;BSA;
;;;;;;;;;;;;;;;;;;;;BSC;
;;;;;;;;;;;;;;;;;;;;SAN;
;;;;;;;;;;;;;;;;;;;;SANMEX;
;;;;;;;;;;;;;;;;;;;;SANTAN;
;;;;;;;;;;;;;;;;;;;;STD;
30.11.2004;Photo-Scan PLC;;;;3861;Measuring, Medical, Pho;"to Equipment; Cl";ocks        United;Kingdom;Siemens AG;Communica;tions Equipment;;3663;Germany;100.00;56.507;866058;265318;SIE;
;;;;;;;;;;;;;;;;;;;;SIEGY;
;;;;;;;;;;;;;;;;;;;;SIEGY;
12.01.2005;Linx Printing;Tec;hn;ologies PLC;3555;Machinery;;United;Kingdom;Danaher Corp;Measuring;, Medical, Phot;"o Equipment; Clocks";3823;United States;98.31;151.848;912941;301854;DHR;LPT
07.04.2005;Kidde PLC;;;;3999;Miscellaneous Manufactu;ring;United;Kingdom;United Technologies Corp;Aerospace;and Aircraft;;3724;United States;97.40;2,476.068;905122;264915;UTX;KID
22.10.2004;easyJet PLC;;;;4512;Air Transportation and;Shipping;United;Kingdom;Flugleidir hf;Air Trans;portation and S;hipping;4512;Iceland;août.40;;269453;280641;IAIR;EZJ
09.08.2005;Shell Transpor;t &;T;rading Co;4923;Electric, Gas, and Wate;r Distribution;United;Kingdom;Royal Dutch Petroleum Co;Oil and G;"as; Petroleum R";efining;1311;Netherlands;100.00;74,558.583;31414L;902178;RD;SC
;;;;;;;;;;;;;;;;;;;;RD;SHEL
03.11.2004;Warthog PLC;;;;7372;Prepackaged Software;;United;Kingdom;Tiger Telematics Inc;Communica;tions Equipment;;3663;United States;100.00;7.393;270323;13465T;TGTL;WHOG
07.01.2005;Celtic Resourc;es;Ho;ldings PLC;1041;Mining;;United;Kingdom;Barrick Gold Corp;Mining;;;1041;Canada;juil.16;22.856;779395;672046;ABX;CER
;;;;;;;;;;;;;;;;;;;;GOLD;
28.02.2005;ebookers PLC;;;;4724;Transportation and Ship;ping (except air;)           United;Kingdom;Cendant Corp;Real Esta;"te; Mortgage Ba";nkers and Brokers;6531;United States;100.00;423.635;945251;255522;CD;EB6
;;;;;;;;;;;;;;;;;;;;CDG;EBKR
;;;;;;;;;;;;;;;;;;;;CDI;EBR
03.05.2005;Novar PLC;;;;3231;Stone, Clay, Glass, and;Concrete Produc;ts          United;Kingdom;Honeywell International Inc;Aerospace;and Aircraft;;3724;United States;100.00;1,807.845;906191;901053;HON;NVR
;;;;;;;;;;;;;;;;;;;;HON;
;;;;;;;;;;;;;;;;;;;;HONB34;
;;;;;;;;;;;;;;;;;;;;LON;
05.07.2005;Aggregate Indu;str;ie;s PLC;1442;Mining;;United;Kingdom;Holcim Ltd;Stone, Cl;ay, Glass, and;Concrete Products;3241;Switzerland;100.00;3,397.832;929702;903357;HCMLY;AGG
;;;;;;;;;;;;;;;;;;;;HOLN;
01.07.2005;AttentiV Syste;ms;Gr;oup plc;7372;Prepackaged Software;;United;Kingdom;TietoEnator Oyj;Business;Services;;7371;Finland;100.00;98.483;719741;28738T;TCYBF;ATN
;;;;;;;;;;;;;;;;;;;;TIE1V;
;;;;;;;;;;;;;;;;;;;;TIE1V;
;;;;;;;;;;;;;;;;;;;;TIE1V;
;;;;;;;;;;;;;;;;;;;;TIE1V;
;;;;;;;;;;;;;;;;;;;;TIE1V;
;;;;;;;;;;;;;;;;;;;;TIEN;
26.05.2005;International;Ene;rg;y Group;4924;Electric, Gas, and Wate;r Distribution;United;Kingdom;Prime Infrastructure Group;Investmen;t & Commodity F;irms,Dealers,Exchanges;6722;Australia;100.00;381.636;26026D;917569;PIF;IEG
22.04.2005;London Clubs I;nte;rn;ational PLC;7999;Amusement and Recreatio;n Services;United;Kingdom;Genting Bhd;Investmen;t & Commodity F;irms,Dealers,Exchanges;6799;Malaysia;07.déc;;755996;135730;GEBEY;LCI
;;;;;;;;;;;;;;;;;;;;GEBHF;
;;;;;;;;;;;;;;;;;;;;GEBHY;
;;;;;;;;;;;;;;;;;;;;GENT;
29.07.2005;iTouch PLC;;;;4812;Telecommunications;;United;Kingdom;For-side.com Co Ltd;Business;Services;;7371;Japan;95.53;336.615;26180J;298870;2330;ITU
31.03.2006;BPB PLC;;;;3275;Stone, Clay, Glass, and;Concrete Produc;ts          United;Kingdom;Cie de Saint-Gobain SA;Stone, Cl;ay, Glass, and;Concrete Products;3231;France;100.00;6,712.557;741689;900358;GOB;BPB
;;;;;;;;;;;;;;;;;;;;SGO;
;;;;;;;;;;;;;;;;;;;;SGOA;
;;;;;;;;;;;;;;;;;;;;SGOB;
26.09.2005;Broadcastle PL;C;;;6282;Investment & Commodity;Firms,Dealers,Ex;changes     United;Kingdom;Siemens AG;Communica;tions Equipment;;3663;Germany;100.00;72.549;866058;905515;SIE;BCST
;;;;;;;;;;;;;;;;;;;;SIEGY;
;;;;;;;;;;;;;;;;;;;;SIEGY;
23.11.2005;Domnick Hunter;Gr;ou;p PLC;3714;Transportation Equipmen;t;United;Kingdom;Parker Hannifin Corp;Metal and;Metal Products;;3491;United States;100.00;448.868;905150;135511;PH;DKH
27.11.2005;Aegis Group PL;C;;;7319;Advertising Services;;United;Kingdom;Bollore Investissement SA;Transport;ation and Shipp;ing (except air);4111;France;25.mai;;997966;917597;MATI;AGS
21.12.2005;CP Ships Ltd;;;;4412;Transportation and Ship;ping (except air;)           United;Kingdom;TUI AG;Transport;ation and Shipp;ing (except air);4724;Germany;100.00;1,972.077;866055;14453C;TUI;TEU
;;;;;;;;;;;;;;;;;;;;TUI1;TEU.WI
;;;;;;;;;;;;;;;;;;;;TUI1;
13.12.2005;Exel PLC;;;;4731;Transportation and Ship;ping (except air;)           United;Kingdom;Deutsche Post AG;Transport;ation and Shipp;ing (except air);4215;Germany;100.00;6,553.273;280599;901373;DPW;EXL
27.10.2005;BioFocus PLC;;;;2836;Drugs;;United;Kingdom;Galapagos NV;Drugs;;;2836;Belgium;100.00;36.594;30939T;261053;GLPG;BIO
;;;;;;;;;;;;;;;;;;;;GLPG;
;;;;;;;;;;;;;;;;;;;;GLPGA;
;;;;;;;;;;;;;;;;;;;;GLPYY;
23.09.2005;East Surrey Ho;ldi;ng;s PLC;4941;Electric, Gas, and Wate;r Distribution;United;Kingdom;Babcock & Brown Pty Ltd;Investmen;t & Commodity F;irms,Dealers,Exchanges;6211;Australia;oct.60;;;904679;BNB;ESH.L
03.11.2005;Toumaz Technol;ogy;L;td;3674;Electronic and Electric;al Equipment;United;Kingdom;Nanoscience Technologies Inc;Drugs;;;2836;United States;100.00;72.253;14373Q;30483M;NANS;TMZ
19.04.2006;O2 PLC;;;;4812;Telecommunications;;United;Kingdom;Telefonica SA;Telecommu;nications;;4813;Spain;100.00;31,659.404;929534;257686;9481;OOM
;;;;;;;;;;;;;;;;;;;;T2NX;
;;;;;;;;;;;;;;;;;;;;TDES;
;;;;;;;;;;;;;;;;;;;;TEF;
;;;;;;;;;;;;;;;;;;;;TEF;
;;;;;;;;;;;;;;;;;;;;TEF;
;;;;;;;;;;;;;;;;;;;;TEF;
;;;;;;;;;;;;;;;;;;;;TN3X;
;;;;;;;;;;;;;;;;;;;;TNE;
;;;;;;;;;;;;;;;;;;;;TNE2;
;;;;;;;;;;;;;;;;;;;;TNE5;
;;;;;;;;;;;;;;;;;;;;TNEX;
16.06.2006;Pilkington PLC;;;;3231;Stone, Clay, Glass, and;Concrete Produc;ts          United;Kingdom;Nippon Sheet Glass Co Ltd;Stone, Cl;ay, Glass, and;Concrete Products;3211;Japan;80.17;3,012.837;930890;917163;5202;PILK
;;;;;;;;;;;;;;;;;;;;5202;
10.03.2006;Fun Technologi;es;PL;C;7372;Prepackaged Software;;United;Kingdom;Fun Technologies Inc;Prepackag;ed Software;;7372;Canada;100.00;392.743;28197P;;FUN;FUN
;;;;;;;;;;;;;;;;;;;;FUN;FUN
28.11.2005;Walker Greenba;nk;PL;C;2679;Paper and Allied Produc;ts;United;Kingdom;Promethean PLC;Investmen;t & Commodity F;irms,Dealers,Exchanges;6282;Isle of Man;15.mai;;31248E;905917;PTH;WGB
04.12.2006;Brambles Indus;tri;es;PLC;7359;Business Services;;United;Kingdom;Brambles Industries Ltd;Business;Services;;7359;Australia;100.00;4,942.185;904800;257589;BIL;BI
04.07.2006;Virgin Mobile;Hol;di;ngs(UK)PLC;4812;Telecommunications;;United;Kingdom;NTL Inc;Telecommu;nications;;4813;United States;100.00;1,698.583;26175J;28744V;NTLI;VMOB
13.12.2005;Halfords Group;PL;C;;5941;Miscellaneous Retail Tr;ade;United;Kingdom;Autobacs Seven Co Ltd;Miscellan;eous Retail Tra;de;5531;Japan;5.00;62.52;776954;28745P;9832;HFD
;;;;;;;;;;;;;;;;;;;;9832;
;;;;;;;;;;;;;;;;;;;;AUB;
16.12.2005;Sutton and Eas;t S;ur;rey Water;4941;Electric, Gas, and Wate;r Distribution;United;Kingdom;Deutsche Bank AG;Commercia;l Banks, Bank H;olding Companies;6000;Germany;100.00;334.965;505686;;DBKG;
;;;;;;;;;;;;;;;;;;;;DEUTSC;
25.04.2006;First Technolo;gy;PL;C;3714;Transportation Equipmen;t;United;Kingdom;Honeywell International Inc;Aerospace;and Aircraft;;3724;United States;100.00;517.507;906191;926679;HON;FRS
;;;;;;;;;;;;;;;;;;;;HON;
;;;;;;;;;;;;;;;;;;;;HONB34;
;;;;;;;;;;;;;;;;;;;;LON;
14.08.2006;Adastra Minera;ls;In;c;1041;Mining;;United;Kingdom;First Quantum Minerals Ltd;Mining;;;1021;Canada;100.00;211.941;541171;516816;FM;AAA
;;;;;;;;;;;;;;;;;;;;FQM;AAA
;;;;;;;;;;;;;;;;;;;;FQMZ;
;;;;;;;;;;;;;;;;;;;;FQVLF;
05.09.2006;BOC Group PLC;;;;2813;Chemicals and Allied Pr;oducts;United;Kingdom;Linde AG;Chemicals;and Allied Pro;ducts;2813;Germany;100.00;14,051.698;923551;;LIN;BOC
;;;;;;;;;;;;;;;;;;;;LIN;BOX
;;;;;;;;;;;;;;;;;;;;LIN;
;;;;;;;;;;;;;;;;;;;;LIN;
;;;;;;;;;;;;;;;;;;;;LIN;
;;;;;;;;;;;;;;;;;;;;LIN;
;;;;;;;;;;;;;;;;;;;;LIN;
;;;;;;;;;;;;;;;;;;;;LING;
01.03.2006;Interbulk Inve;stm;en;ts PLC;4212;Transportation and Ship;ping (except air;)           United;Kingdom;Atorka Group hf;Wholesale;Trade-Nondurab;le Goods;5122;Iceland;18.50;0.875;13781Q;29960N;ATOR;INB
12.07.2006;Body Shop Inte;rna;ti;onal PLC;2844;Soaps, Cosmetics, and P;ersonal-Care Pro;ducts       United;Kingdom;L'Oreal SA;Soaps, Co;smetics, and Pe;rsonal-Care Products;2844;France;100.00;1,147.077;923386;974653;OR;BOS
11.04.2006;London Stock E;xch;an;ge PLC;6231;Investment & Commodity;Firms,Dealers,Ex;changes     United;Kingdom;Nasdaq Stock Market Inc;Investmen;t & Commodity F;irms,Dealers,Exchanges;6231;United States;14.99;782.67;25735K;;NDAQ;
;;;;;;;;;;;;;;;;;;;;NDAQ;
15.06.2006;Bristol Water;PLC;;;4941;Electric, Gas, and Wate;r Distribution;United;Kingdom;Agbar;Electric,;Gas, and Water;Distribution;4941;Spain;100.00;293.714;929535;;AGS;BTW
;;;;;;;;;;;;;;;;;;;;AGZ;
;;;;;;;;;;;;;;;;;;;;AGZ;
;;;;;;;;;;;;;;;;;;;;AGZ;
;;;;;;;;;;;;;;;;;;;;AGZ;
03.05.2006;London Stock E;xch;an;ge PLC;6231;Investment & Commodity;Firms,Dealers,Ex;changes     United;Kingdom;Nasdaq Stock Market Inc;Investmen;t & Commodity F;irms,Dealers,Exchanges;6231;United States;mars.82;219.699;25735K;;NDAQ;
;;;;;;;;;;;;;;;;;;;;NDAQ;
10.05.2006;London Stock E;xch;an;ge PLC;6231;Investment & Commodity;Firms,Dealers,Ex;changes     United;Kingdom;Nasdaq Stock Market Inc;Investmen;t & Commodity F;irms,Dealers,Exchanges;6231;United States;mai.38;320.981;25735K;;NDAQ;
;;;;;;;;;;;;;;;;;;;;NDAQ;
16.08.2006;Greatland Gold;PL;C;;1041;Mining;;United;Kingdom;Sunvest Corp Ltd;Investmen;t & Commodity F;irms,Dealers,Exchanges;6282;Australia;juil.63;0.191;314462;36198L;SVS;GGP
;;;;;;;;;;;;;;;;;;;;;GGP
17.08.2007;Baggeridge Bri;ck;PL;C;3251;Stone, Clay, Glass, and;Concrete Produc;ts          United;Kingdom;Wienerberger Finance Service;Stone, Cl;ay, Glass, and;Concrete Products;3271;Netherlands;100.00;189.341;;904694;;BGBK
25.08.2006;Tarquin Resour;ces;P;lc;3663;Communications Equipmen;t;United;Kingdom;Investika Ltd;Investmen;t & Commodity F;irms,Dealers,Exchanges;6799;Australia;27.80;;41006R;27371K;IVK;QTR
;;;;;;;;;;;;;;;;;;;;IVK;
23.02.2007;American Oppor;tun;it;y Trust PLC;6726;Investment & Commodity;Firms,Dealers,Ex;changes     United;Kingdom;Oryx Intrntnl Growth Fund Lt;d      Investmen;t & Commodity F;irms,Dealers,Exchanges;6722;Guernsey;100.00;;135199;946637;OIG;AOP
02.10.2006;South East Wat;er;Lt;d;4941;Electric, Gas, and Wate;r Distribution;United;Kingdom;Hastings Funds Management Lt;d      Investmen;t & Commodity F;irms,Dealers,Exchanges;6282;Australia;100.00;1,255.011;;;TTX;52HO
25.06.2007;Wellington Und;erw;ri;ting PLC;6411;Insurance;;United;Kingdom;Catlin Group Ltd;Insurance;;;6411;Bermuda;100.00;1,122.34;28748J;135092;CGL;WUN
08.11.2006;Cellcast PLC;;;;4833;Radio and Television Br;oadcasting Stati;ons         United;Kingdom;mTouche Technology Bhd;Telecommu;nications;;4812;Malaysia;oct.14;0.857;31412K;31682Q;MTOU;CLTV
23.04.2007;Scottish Power;PL;C;;4911;Electric, Gas, and Wate;r Distribution;United;Kingdom;Iberdrola SA;Electric,;Gas, and Water;Distribution;4911;Spain;100.00;22,209.999;998213;928741;IBE;SPI
;;;;;;;;;;;;;;;;;;;;;SPW
09.01.2007;Equity Insuran;ce;Gr;oup Ltd;6331;Insurance;;United;Kingdom;Insurance Australia Group Lt;d      Insurance;;;6331;Australia;100.00;1,129.284;297124;870195;IAG;COX
31.01.2007;Heritage Petro;leu;m;PLC;1311;"Oil and Gas; Petroleum";Refining;United;Kingdom;European Gas Ltd;Oil and G;"as; Petroleum R";efining;1311;Australia;100.00;18.705;675149;28920J;EPG;HEP
28.02.2007;All New Video;PLC;;;4813;Telecommunications;;United;Kingdom;iPoint-Media PLC;Prepackag;ed Software;;7372;Israel;100.00;1.562;35722D;30303R;IPNT;ANV
31.12.2007;Punch Graphix;PLC;;;3577;Computer and Office Equ;ipment;United;Kingdom;Punch International NV;Electroni;c and Electrica;l Equipment;3672;Belgium;51.00;131.159;692657;30941K;PUN;PGX
04.04.2007;Insignia Solut;ion;s;PLC;7372;Prepackaged Software;;United;Kingdom;Smith Micro Software Inc;Prepackag;ed Software;;7372;United States;100.00;18.832;311538;26067L;SMSI;INSGY
14.05.2007;African Platin;um;PL;C;1061;Mining;;United;Kingdom;Impala Platinum Holdings Ltd;Mining;;;1099;South Africa;100.00;509.643;916481;258103;IMP;APP
;;;;;;;;;;;;;;;;;;;;IPLA;
21.03.2007;Ambrian Capita;l P;LC;;6211;Investment & Commodity;Firms,Dealers,Ex;changes     United;Kingdom;Sun Hung Kai & Co Ltd;Investmen;t & Commodity F;irms,Dealers,Exchanges;6211;Hong Kong;09.août;11.577;944236;695353;86;AMBR
23.03.2007;Romag Holdings;PL;C;;3211;Stone, Clay, Glass, and;Concrete Produc;ts          United;Kingdom;Atorka Group hf;Wholesale;Trade-Nondurab;le Goods;5122;Iceland;15.14;3.543;13781Q;910304;ATOR;ROM
28.03.2007;Accsys Technol;ogi;es;PLC;2869;Chemicals and Allied Pr;oducts;United;Kingdom;Celanese Corp;Chemicals;and Allied Pro;ducts;2821;United States;;29.499;29756N;32013W;CE;AXS
25.06.2007;International;Mol;yb;denum PLC;1061;Mining;;United;Kingdom;Quadra Mining Ltd;Mining;;;1021;Canada;100.00;29.757;28568W;31340J;QUA;IMY
;;;;;;;;;;;;;;;;;;;;;IMYW
31.07.2007;Pixology PLC;;;;7372;Prepackaged Software;;United;Kingdom;PhotoChannel Networks Inc;Prepackag;ed Software;;7372;Canada;100.00;16.165;891042;28162P;PN;PIX
;;;;;;;;;;;;;;;;;;;;PNWIF;
30.10.2007;iSOFT Group PL;C;;;7372;Prepackaged Software;;United;Kingdom;IBA Health Group Ltd;Prepackag;ed Software;;7372;Australia;100.00;317.766;280332;296872;IBA;IOT
01.06.2007;Agricola Resou;rce;s;PLC;1094;Mining;;United;Kingdom;Energy Ventures Ltd;Mining;;;1094;Australia;29.90;0.093;28516E;;EVE;AGRI
17.04.2008;Reuters Group;PLC;;;7383;Business Services;;United;Kingdom;Thomson Corp;Business;Services;;7375;United States;100.00;17,639.972;256196;940420;TOC;RTRS
;;;;;;;;;;;;;;;;;;;;TOC;RTRSY
09.08.2007;Bridgewell Gro;up;PL;C;6211;Investment & Commodity;Firms,Dealers,Ex;changes     United;Kingdom;Landsbanki Islands hf;Commercia;l Banks, Bank H;olding Companies;6000;Iceland;100.00;119.015;13781U;36167E;LAIS;BWL
30.05.2007;Alpha Airports;Gr;ou;p PLC;4581;Air Transportation and;Shipping;United;Kingdom;Autogrill SpA;Retail Tr;ade-Eating and;Drinking Places;5812;Italy;déc.50;41.284;892360;361085;AGL;AAP
11.06.2007;Alpha Airports;Gr;ou;p PLC;4581;Air Transportation and;Shipping;United;Kingdom;Autogrill SpA;Retail Tr;ade-Eating and;Drinking Places;5812;Italy;09.oct;35.061;892360;361085;AGL;AAP
01.06.2007;Alpha Airports;Gr;ou;p PLC;4581;Air Transportation and;Shipping;United;Kingdom;Autogrill SpA;Retail Tr;ade-Eating and;Drinking Places;5812;Italy;17.40;60.677;892360;361085;AGL;AAP
17.09.2007;Alpha Airports;Gr;ou;p PLC;4581;Air Transportation and;Shipping;United;Kingdom;Autogrill SpA;Retail Tr;ade-Eating and;Drinking Places;5812;Italy;45.99;177.234;892360;361085;AGL;AAP
04.06.2007;Alpha Airports;Gr;ou;p PLC;4581;Air Transportation and;Shipping;United;Kingdom;Autogrill SpA;Retail Tr;ade-Eating and;Drinking Places;5812;Italy;déc.81;49.157;892360;361085;AGL;AAP
29.08.2007;Hitachi Capita;l(U;k);Plc;6159;Credit Institutions;;United;Kingdom;Hitachi Capital Corp;Credit In;stitutions;;6153;Japan;35.24;79.023;950884;899014;8586;HCU
02.01.2008;ICI PLC;;;;2851;Chemicals and Allied Pr;oducts;United;Kingdom;Akzo Nobel NV;Chemicals;and Allied Pro;ducts;2851;Netherlands;100.00;16,258.215;912643;900455;AKZA;ICI
;;;;;;;;;;;;;;;;;;;;AKZOY;ICI
16.07.2007;Birmingham Cit;y P;LC;;7941;Amusement and Recreatio;n Services;United;Kingdom;Grandtop Intl Hldg Ltd;Textile a;nd Apparel Prod;ucts;2389;Hong Kong;29.90;29.598;26485X;888420;2309;BMC
;;;;;;;;;;;;;;;;;;;;;BMCYF
21.08.2007;Offshore Hydro;car;bo;n Mapping;8713;Business Services;;United;Kingdom;CGGVeritas;Oil and G;"as; Petroleum R";efining;1382;France;15.00;27.348;998054;28575L;CGV;OHM
;;;;;;;;;;;;;;;;;;;;GA;
31.08.2007;NeutraHealth P;LC;;;5122;Wholesale Trade-Nondura;ble Goods;United;Kingdom;Elder Pharmaceuticals Ltd;Drugs;;;2834;India;20.00;9.219;26282T;30266J;532322;NUT
;;;;;;;;;;;;;;;;;;;;ELDERP;
19.09.2007;Cambridge Disp;lay;T;echnology;3671;Electronic and Electric;al Equipment;United;Kingdom;Sumitomo Chemical Co Ltd;Chemicals;and Allied Pro;ducts;2819;Japan;100.00;259.553;930759;29732W;4005;OLED
;;;;;;;;;;;;;;;;;;;;4005;
01.08.2007;easyJet PLC;;;;4512;Air Transportation and;Shipping;United;Kingdom;BlackRock Inc;Investmen;t & Commodity F;irms,Dealers,Exchanges;6211;United States;05.sept;;274794;280641;BLK;EZJ
24.10.2007;Surface Techno;log;y;Systems PLC;3674;Electronic and Electric;al Equipment;United;Kingdom;Sumitomo Precision Products;Co     Aerospace;and Aircraft;;3728;Japan;37.36;2.763;932048;255004;6355;SRTS.L
;;;;;;;;;;;;;;;;;;;;6355;
;;;;;;;;;;;;;;;;;;;;SUIOF;
19.09.2007;Carphone Wareh;ous;e;Ltd;5065;Wholesale Trade-Durable;Goods;United;Kingdom;Best Buy Co Inc;Retail Tr;ade-Home Furnis;hings;5731;United States;3.00;183.00;929302;296785;BBY;CPW
24.09.2007;Borders & Soth;rn;Pe;troleum PLC;1311;"Oil and Gas; Petroleum";Refining;United;Kingdom;Petroleum Geo-Services ASA;Oil and G;"as; Petroleum R";efining;1382;Norway;août.57;juin.64;307456;30968K;PGO;BOR
;;;;;;;;;;;;;;;;;;;;PGS;
14.12.2007;Christian Salv;ese;n;PLC;4213;Transportation and Ship;ping (except air;)           United;Kingdom;Groupe Norbert Dentressangle;Transport;ation and Shipp;ing (except air);4212;France;100.00;498.294;142650;931825;GND;SVC
01.05.2008;Global Marine;Ene;rg;y PLC;8742;Business Services;;United;Kingdom;Emer International Group Ltd;Machinery;;;3533;Hong Kong;100.00;24.152;32361J;257661;8149;GME
15.10.2007;Northern Rock;PLC;;;6000;Commercial Banks, Bank;Holding Companie;s           United;Kingdom;UBS AG;Commercia;l Banks, Bank H;olding Companies;6000;Switzerland;mai.41;;936458;;UBBSF;NKR
;;;;;;;;;;;;;;;;;;;;UBBSY;
;;;;;;;;;;;;;;;;;;;;UBR;
;;;;;;;;;;;;;;;;;;;;UBS;
;;;;;;;;;;;;;;;;;;;;UBS;
;;;;;;;;;;;;;;;;;;;;UBSG;
;;;;;;;;;;;;;;;;;;;;UBSN;
05.11.2007;Eicom PLC;;;;4833;Radio and Television Br;oadcasting Stati;ons         United;Kingdom;Allianz SE;Insurance;;;6311;Germany;août.82;;916641;288001;0M6S;EIC
;;;;;;;;;;;;;;;;;;;;ALV;
;;;;;;;;;;;;;;;;;;;;ALV;
;;;;;;;;;;;;;;;;;;;;ALVDE;
;;;;;;;;;;;;;;;;;;;;ALVG;
;;;;;;;;;;;;;;;;;;;;ALVG;
;;;;;;;;;;;;;;;;;;;;ALVG;
;;;;;;;;;;;;;;;;;;;;ALVG;
;;;;;;;;;;;;;;;;;;;;ALVG;
;;;;;;;;;;;;;;;;;;;;ALVG;
;;;;;;;;;;;;;;;;;;;;ALVG;
;;;;;;;;;;;;;;;;;;;;ALVG;
;;;;;;;;;;;;;;;;;;;;ALVG;
;;;;;;;;;;;;;;;;;;;;ALVG;
;;;;;;;;;;;;;;;;;;;;ALVG;
;;;;;;;;;;;;;;;;;;;;ALVGDL;
;;;;;;;;;;;;;;;;;;;;ALVGEU;
;;;;;;;;;;;;;;;;;;;;ALVN;
;;;;;;;;;;;;;;;;;;;;ALVTAH;
01.03.2008;VEGA Group PLC;;;;7373;Business Services;;United;Kingdom;Finmeccanica SpA;Measuring;, Medical, Phot;"o Equipment; Clocks";3812;Italy;100.00;126.869;936428;507494;FNC;VEG
31.12.2007;Teesland PLC;;;;6282;Investment & Commodity;Firms,Dealers,Ex;changes     United;Kingdom;Valad Property Group;Investmen;t & Commodity F;irms,Dealers,Exchanges;6798;Australia;27.70;137.214;26608R;26089E;VPG;TLD
27.03.2008;CODA PLC;;;;8748;Business Services;;United;Kingdom;Unit 4 Agresso NV;Prepackag;ed Software;;7372;Netherlands;100.00;308.586;676348;36223C;U4AGR;CODA
;;;;;;;;;;;;;;;;;;;;U4AGR;
08.04.2008;Superscape Gro;up;PL;C;7372;Prepackaged Software;;United;Kingdom;Glu Mobile Inc;Prepackag;ed Software;;7372;United States;100.00;35.814;41540L;135547;GLUU;SPS
26.02.2008;Jelf Group PLC;;;;6411;Insurance;;United;Kingdom;3i Quoted Private Equity Ltd;Investmen;t & Commodity F;irms,Dealers,Exchanges;6799;Jersey;34.83;58.605;50758F;29633J;QPE;JLF
30.01.2008;Punch Taverns;PLC;;;5813;Retail Trade-Eating and;Drinking Places;United;Kingdom;Deutsche Bank AG;Commercia;l Banks, Bank H;olding Companies;6000;Germany;07.nov;;505686;258077;DBKG;PUB
;;;;;;;;;;;;;;;;;;;;DEUTSC;
01.02.2008;GCM Resources;PLC;;;1221;Mining;;United;Kingdom;Polo Resources Ltd;Mining;;;1221;South Africa;;34.876;50993F;28846N;PRL;GCM
25.02.2008;UK Coal PLC;;;;1221;Mining;;United;Kingdom;Ameriprise Financial Inc;Investmen;t & Commodity F;irms,Dealers,Exchanges;6282;United States;05.févr;;31604H;319714;A1MP34;UKC
;;;;;;;;;;;;;;;;;;;;AMP;
08.05.2008;Dev Property D;eve;lo;pment PLC;6552;"Real Estate; Mortgage B";ankers and Broke;rs          United;Kingdom;Indiabulls Real Estate Ltd;Real Esta;"te; Mortgage Ba";nkers and Brokers;6552;India;100.00;275.942;41578M;41699N;532832;DPD
;;;;;;;;;;;;;;;;;;;;IBREAL;
;;;;;;;;;;;;;;;;;;;;IBS;
29.02.2008;Tanfield Group;PL;C;;3711;Transportation Equipmen;t;United;Kingdom;Deutsche Bank AG;Commercia;l Banks, Bank H;olding Companies;6000;Germany;10.févr;;505686;255976;DBKG;TAN
;;;;;;;;;;;;;;;;;;;;DEUTSC;
09.06.2008;Oriel Resource;s P;LC;;1061;Mining;;United;Kingdom;Mechel PAO;Metal and;Metal Products;;3312;Russian Fed;100.00;1,523.825;28747R;28570P;MTL;ORI
;;;;;;;;;;;;;;;;;;;;MTLR;ORL
04.03.2008;Mitchells & Bu;tle;rs;PLC;5812;Retail Trade-Eating and;Drinking Places;United;Kingdom;Deutsche Bank AG;Commercia;l Banks, Bank H;olding Companies;6000;Germany;oct.77;;505686;26923T;DBKG;MAB
;;;;;;;;;;;;;;;;;;;;DEUTSC;
10.03.2008;Foseco PLC;;;;2819;Chemicals and Allied Pr;oducts;United;Kingdom;Deutsche Bank AG;Commercia;l Banks, Bank H;olding Companies;6000;Germany;sept.56;;505686;30851H;DBKG;FOSO
;;;;;;;;;;;;;;;;;;;;DEUTSC;
10.03.2008;New Star Asset;Mg;mt;Grp PLC;6282;Investment & Commodity;Firms,Dealers,Ex;changes     United;Kingdom;Deutsche Bank AG;Commercia;l Banks, Bank H;olding Companies;6000;Germany;06.mai;;505686;28745T;DBKG;NSAML
;;;;;;;;;;;;;;;;;;;;DEUTSC;
10.03.2008;Bowleven PLC;;;;1382;"Oil and Gas; Petroleum";Refining;United;Kingdom;Deutsche Bank AG;Commercia;l Banks, Bank H;olding Companies;6000;Germany;juil.53;;505686;29837W;DBKG;BLVN
;;;;;;;;;;;;;;;;;;;;DEUTSC;
14.03.2008;Flomerics Grou;p P;LC;;7371;Business Services;;United;Kingdom;Mentor Graphics Corp;Business;Services;;7373;United States;20.août;9.403;945737;51894N;MENT;FLO
18.03.2008;Flomerics Grou;p P;LC;;7371;Business Services;;United;Kingdom;Mentor Graphics Corp;Business;Services;;7373;United States;sept.84;4.563;945737;51894N;MENT;FLO
20.03.2008;Henderson Grou;p P;LC;;6282;Investment & Commodity;Firms,Dealers,Ex;changes     United;Kingdom;IOOF Holdings Ltd;Investmen;t & Commodity F;irms,Dealers,Exchanges;6282;Australia;mai.13;;27952T;28241W;IFL;HGG
;;;;;;;;;;;;;;;;;;;;;HHG
27.03.2008;Renewable Powe;r &;L;ight PLC;4931;Electric, Gas, and Wate;r Distribution;United;Kingdom;Lehman Brothers Holdings Inc;Investmen;t & Commodity F;irms,Dealers,Exchanges;6211;United States;nov.99;;131508;53508N;LEH;RPL
23.06.2008;CeNeS Pharmace;uti;ca;ls PLC;2834;Drugs;;United;Kingdom;PAION AG;Drugs;;;2834;Germany;100.00;20.736;30298L;888439;PA8;CEN
;;;;;;;;;;;;;;;;;;;;PAI;
01.07.2009;British Midlan;d P;LC;;4512;Air Transportation and;Shipping;United;Kingdom;Deutsche Lufthansa AG;Air Trans;portation and S;hipping;4512;Germany;50.00;78.466;866051;;LHA;
;;;;;;;;;;;;;;;;;;;;LHA;
;;;;;;;;;;;;;;;;;;;;LHA;
;;;;;;;;;;;;;;;;;;;;LHA;
;;;;;;;;;;;;;;;;;;;;LHA;
;;;;;;;;;;;;;;;;;;;;LHA;
;;;;;;;;;;;;;;;;;;;;LHA;
;;;;;;;;;;;;;;;;;;;;LHA;
;;;;;;;;;;;;;;;;;;;;LHA;
30.04.2008;Thor Mining PL;C;;;1094;Mining;;United;Kingdom;Western Desert Resources Ltd;Mining;;;1041;Australia;oct.76;3.019;50677F;31241E;FFK;THR
;;;;;;;;;;;;;;;;;;;;WDR;THRXX
26.08.2008;Flomerics Grou;p P;LC;;7371;Business Services;;United;Kingdom;Mentor Graphics Corp;Business;Services;;7373;United States;70.08;38.955;945737;51894N;MENT;FLO
15.05.2008;Media Square P;LC;;;8742;Business Services;;United;Kingdom;Prime Active Capital PLC;Investmen;t & Commodity F;irms,Dealers,Exchanges;6799;Ireland-Rep;15.janv;7.849;684991;264509;PACC;MSQ
29.05.2008;Galliford Try;Hol;di;ngs PLC;1522;Construction Firms;;United;Kingdom;Bilfinger Berger AG;Construct;ion Firms;;1522;Germany;;;870531;914199;GBFG;GFRD
;;;;;;;;;;;;;;;;;;;;GBFG;
;;;;;;;;;;;;;;;;;;;;GBFG;
12.06.2008;Just Car Clini;cs;Gr;oup PLC;7532;Repair Services;;United;Kingdom;Rapid Realisations Fund Ltd;Investmen;t & Commodity F;irms,Dealers,Exchanges;6726;Guernsey;17.56;;50899M;260335;RRF;JCR
26.06.2008;Inland PLC;;;;6552;"Real Estate; Mortgage B";ankers and Broke;rs          United;Kingdom;Brookwell Ltd;Investmen;t & Commodity F;irms,Dealers,Exchanges;6799;Guernsey;mai.74;;75487H;50321T;BKW;INL
27.06.2008;Shieldtech PLC;;;;3489;Metal and Metal Product;s;United;Kingdom;Brookwell Ltd;Investmen;t & Commodity F;irms,Dealers,Exchanges;6799;Guernsey;15.48;;75487H;50828U;BKW;STEC
10.07.2008;Rentokil Initi;al;PL;C;4959;Sanitary Services;;United;Kingdom;Ameriprise Financial Inc;Investmen;t & Commodity F;irms,Dealers,Exchanges;6282;United States;5.00;;31604H;906480;A1MP34;RTO
;;;;;;;;;;;;;;;;;;;;AMP;
10.10.2008;Alliance & Lei;ces;te;r PLC;6000;Commercial Banks, Bank;Holding Companie;s           United;Kingdom;Banco Santander SA;Commercia;l Banks, Bank H;olding Companies;6000;Spain;100.00;2,517.954;702853;888811;BNC;AL
;;;;;;;;;;;;;;;;;;;;BSA;
;;;;;;;;;;;;;;;;;;;;BSC;
;;;;;;;;;;;;;;;;;;;;SAN;
;;;;;;;;;;;;;;;;;;;;SAN;
;;;;;;;;;;;;;;;;;;;;SAN;
;;;;;;;;;;;;;;;;;;;;SAN;
;;;;;;;;;;;;;;;;;;;;SANMEX;
;;;;;;;;;;;;;;;;;;;;SANTAN;
;;;;;;;;;;;;;;;;;;;;SANTAN;
;;;;;;;;;;;;;;;;;;;;STD;
15.07.2008;UTV Media PLC;;;;4832;Radio and Television Br;oadcasting Stati;ons         United;Kingdom;TVC Holdings PLC;Investmen;t & Commodity F;irms,Dealers,Exchanges;6799;Ireland-Rep;11.00;29.876;50808P;907481;T1VC;MDY
;;;;;;;;;;;;;;;;;;;;TVCH;UTV
28.07.2008;Yell Group PLC;;;;2741;Printing, Publishing, a;nd Allied Servic;es          United;Kingdom;Deutsche Bank AG;Commercia;l Banks, Bank H;olding Companies;6000;Germany;03.août;38.075;505686;27237R;DBKG;YELL
;;;;;;;;;;;;;;;;;;;;DEUTSC;
07.10.2009;Advent Capital;(Ho;ld;ings)PLC;6411;Insurance;;United;Kingdom;Fairfax Financial Holdings L;td     Insurance;;;6331;Canada;55.54;81.914;771858;31115H;FFH;ADV
;;;;;;;;;;;;;;;;;;;;FFH;
;;;;;;;;;;;;;;;;;;;;FFH.U;
06.08.2008;Lonmin PLC;;;;1099;Mining;;United;Kingdom;Xstrata PLC;Mining;;;1222;Switzerland;oct.68;1,076.391;15322M;902232;XTA;LMI
;;;;;;;;;;;;;;;;;;;;XTA;LON
28.11.2008;Benfield Group;Lt;d;;6311;Insurance;;United;Kingdom;Aon Corp;Insurance;;;6411;United States;100.00;1,365.946;;27126H;AOC;BFD
01.10.2008;Lonmin PLC;;;;1099;Mining;;United;Kingdom;Xstrata PLC;Mining;;;1222;Switzerland;14.20;779.222;15322M;902232;XTA;LMI
;;;;;;;;;;;;;;;;;;;;XTA;LON
30.03.2009;European Capit;al;Lt;d;6799;Investment & Commodity;Firms,Dealers,Ex;changes     United;Kingdom;American Capital Ltd;Investmen;t & Commodity F;irms,Dealers,Exchanges;6799;United States;32.31;157.139;878401;50507D;ACAS;ECAS
11.11.2008;UTV Media PLC;;;;4832;Radio and Television Br;oadcasting Stati;ons         United;Kingdom;TVC Holdings PLC;Investmen;t & Commodity F;irms,Dealers,Exchanges;6799;Ireland-Rep;3.00;3.438;50808P;907481;T1VC;MDY
;;;;;;;;;;;;;;;;;;;;TVCH;UTV
18.12.2008;Imagination Te;ch;Gr;p PLC;3674;Electronic and Electric;al Equipment;United;Kingdom;Apple Inc;Computer;and Office Equi;pment;3571;United States;mars.60;4.509;992816;135869;AAPL;IMG
;;;;;;;;;;;;;;;;;;;;AAPL;
;;;;;;;;;;;;;;;;;;;;APCD;
13.07.2009;Cambrian Minin;g P;LC;;1221;Mining;;United;Kingdom;Western Coal Corp;Mining;;;1221;Canada;100.00;40.983;68639J;27338J;WTN;CBM
;;;;;;;;;;;;;;;;;;;;WTN;
08.04.2009;Tepnel Life Sc;ien;ce;s PLC;8731;Business Services;;United;Kingdom;Gen-Probe Inc;Measuring;, Medical, Phot;"o Equipment; Clocks";3841;United States;100.00;94.182;26079K;506293;GPRO;TED
30.07.2009;Ridge Mining P;LC;;;1099;Mining;;United;Kingdom;Aquarius Platinum Ltd;Mining;;;1099;South Africa;100.00;91.071;691809;291656;AQP;RDG
;;;;;;;;;;;;;;;;;;;;AQP;
;;;;;;;;;;;;;;;;;;;;AQP;
05.06.2009;Raven Mount Gr;oup;P;LC;6552;"Real Estate; Mortgage B";ankers and Broke;rs          United;Kingdom;Raven Russia Ltd;Investmen;t & Commodity F;irms,Dealers,Exchanges;6798;Russian Fed;92.21;74.788;31341F;28226L;N/A;RAV
;;;;;;;;;;;;;;;;;;;;RUS;
23.02.2009;Eidos PLC;;;;7372;Prepackaged Software;;United;Kingdom;Square Enix Holdings Co Ltd;Prepackag;ed Software;;7372;Japan;nov.14;;530957;882089;9684;EID
31.12.2009;African Copper;PL;C;;1021;Mining;;United;Kingdom;Natasa Mining Ltd;Investmen;t & Commodity F;irms,Dealers,Exchanges;6799;Australia;70.00;;41006R;29727K;NSN;ACU
;;;;;;;;;;;;;;;;;;;;;ACU
30.04.2009;Vatukoula Gold;Mi;ne;s PLC;1041;Mining;;United;Kingdom;Canadian Zinc Corp;Mining;;;1044;Canada;18.28;3.725;517595;26908C;CZICF;VGM
;;;;;;;;;;;;;;;;;;;;CZN;
;;;;;;;;;;;;;;;;;;;;SRS;
13.10.2009;African Aura R;eso;ur;ces(UK)Ltd;1041;Mining;;United;Kingdom;Mano River Resources Inc;Mining;;;1011;Canada;100.00;5.205;313386;51847M;MNO;AAZ
23.04.2009;Sibir Energy P;LC;;;1311;"Oil and Gas; Petroleum";Refining;United;Kingdom;Gazprom Neft';Oil and G;"as; Petroleum R";efining;1382;Russian Fed;16.95;481.855;890341;888732;SIBN;SBE
;;;;;;;;;;;;;;;;;;;;SIBNG;
28.04.2009;JJB Sports PLC;;;;5941;Miscellaneous Retail Tr;ade;United;Kingdom;Crystal Amber Fund Ltd;Investmen;t & Commodity F;irms,Dealers,Exchanges;6726;Guernsey;déc.96;;53543T;135084;CRS;JJB
;;;;;;;;;;;;;;;;;;;;CRS;
25.05.2009;Sibir Energy P;LC;;;1311;"Oil and Gas; Petroleum";Refining;United;Kingdom;Gazprom Neft';Oil and G;"as; Petroleum R";efining;1382;Russian Fed;oct.55;324.303;890341;888732;SIBN;SBE
;;;;;;;;;;;;;;;;;;;;SIBNG;
21.07.2009;Sibir Energy P;LC;;;1311;"Oil and Gas; Petroleum";Refining;United;Kingdom;Gazprom Neft';Oil and G;"as; Petroleum R";efining;1382;Russian Fed;32.50;1,000.609;890341;888732;SIBN;SBE
;;;;;;;;;;;;;;;;;;;;SIBNG;
22.09.2009;Minerva Resour;ces;P;LC;1041;Mining;;United;Kingdom;Dwyka Resources Ltd;Mining;;;1041;Australia;100.00;3.632;255205;28424E;DWY;MVA
;;;;;;;;;;;;;;;;;;;;DWY.L;
10.08.2009;Concateno PLC;;;;8071;Health Services;;United;Kingdom;Inverness Med Innovations In;c      Drugs;;;2835;United States;100.00;202.954;14719X;30717H;IMA;COT
18.06.2009;Imagination Te;ch;Gr;p PLC;3674;Electronic and Electric;al Equipment;United;Kingdom;Intel Corp;Electroni;c and Electrica;l Equipment;3674;United States;oct.94;;922726;135869;INTC;IMG
10.09.2009;Thomson Reuter;s P;LC;;7375;Business Services;;United;Kingdom;Thomson Reuters Corp;Business;Services;;7375;United States;100.00;4,938.409;888719;940420;TRI;TRIL
;;;;;;;;;;;;;;;;;;;;TRI;TRIN
26.06.2009;Pan African Re;sou;rc;es PLC;1041;Mining;;United;Kingdom;Coronation Fund Managers Ltd;Investmen;t & Commodity F;irms,Dealers,Exchanges;6726;South Africa;21.97;;27127J;295004;CML;PAF
;;;;;;;;;;;;;;;;;;;;;PAFRY
29.06.2009;One Media Publ;ish;in;g Group Plc;6794;Investment & Commodity;Firms,Dealers,Ex;changes     United;Kingdom;Worship Street Investments L;td     Investmen;t & Commodity F;irms,Dealers,Exchanges;6799;Isle of Man;août.74;0.05;67595H;41225K;WSI;OMPP
05.11.2009;Friends Provid;ent;P;LC;6311;Insurance;;United;Kingdom;Resolution Ltd;Insurance;;;6311;Guernsey;100.00;3,063.626;54461K;257581;RSL;FP
11.11.2009;Birmingham Cit;y P;LC;;7941;Amusement and Recreatio;n Services;United;Kingdom;Grandtop Intl Hldg Ltd;Textile a;nd Apparel Prod;ucts;2389;Hong Kong;70.10;94.274;26485X;888420;2309;BMC
;;;;;;;;;;;;;;;;;;;;;BMCYF
21.08.2009;Brinkley Minin;g P;LC;;1094;Mining;;United;Kingdom;Eurogold Ltd;Mining;;;1041;Australia;29.avr;;779521;54209H;EUG;BRM
;;;;;;;;;;;;;;;;;;;;EUG.L;
01.09.2009;Smart Identity;PL;C;;7372;Prepackaged Software;;United;Kingdom;Worship Street Investments L;td     Investmen;t & Commodity F;irms,Dealers,Exchanges;6799;Isle of Man;06.oct;0.16;67595H;51090X;WSI;SIDP
16.04.2010;Cadbury PLC;;;;2064;Food and Kindred Produc;ts;United;Kingdom;Kraft Foods Inc;Food and;Kindred Product;s;2099;United States;100.00;18,768.518;13967E;900286;KFT;CBY
;;;;;;;;;;;;;;;;;;;;;CRBY
10.09.2009;Thomas Cook Gr;oup;P;LC;4725;Transportation and Ship;ping (except air;)           United;Kingdom;BayernLB;Commercia;l Banks, Bank H;olding Companies;6000;Germany;août.90;;15298K;30059W;BLGGGH;TCG
15.09.2009;Africa Oil Exp;lor;at;ion PLC;1311;"Oil and Gas; Petroleum";Refining;United;Kingdom;Worship Street Investments L;td     Investmen;t & Commodity F;irms,Dealers,Exchanges;6799;Isle of Man;sept.90;;67595H;;WSI;AOEP
01.11.2009;British Midlan;d P;LC;;4512;Air Transportation and;Shipping;United;Kingdom;Deutsche Lufthansa AG;Air Trans;portation and S;hipping;4512;Germany;20.00;30.402;866051;;LHA;
;;;;;;;;;;;;;;;;;;;;LHA;
;;;;;;;;;;;;;;;;;;;;LHA;
;;;;;;;;;;;;;;;;;;;;LHA;
;;;;;;;;;;;;;;;;;;;;LHA;
;;;;;;;;;;;;;;;;;;;;LHA;
;;;;;;;;;;;;;;;;;;;;LHA;
;;;;;;;;;;;;;;;;;;;;LHA;
;;;;;;;;;;;;;;;;;;;;LHA;
21.12.2009;Hidefield Gold;PL;C;;1041;Mining;;United;Kingdom;Minera IRL Ltd;Mining;;;1041;Peru;100.00;nov.84;414649;255531;IRL;HIF
;;;;;;;;;;;;;;;;;;;;MIRL;
;;;;;;;;;;;;;;;;;;;;MIRL;
29.10.2009;Debenhams PLC;;;;5961;Miscellaneous Retail Tr;ade;United;Kingdom;Och-Ziff Capital Mgmt Grp Ll;c      Investmen;t & Commodity F;irms,Dealers,Exchanges;6799;United States;nov.50;;50779E;35793C;OZM;DEB
12.04.2010;Equator Explor;ati;on;Ltd;1311;"Oil and Gas; Petroleum";Refining;United;Kingdom;Oando PLC;Oil and G;"as; Petroleum R";efining;1311;Nigeria;;21.20;13771V;298534;OANDO;EEL
;;;;;;;;;;;;;;;;;;;;OAO;
29.01.2010;Kiwara PLC;;;;1061;Mining;;United;Kingdom;First Quantum Minerals Ltd;Mining;;;1021;Canada;100.00;243.252;541171;684952;FM;KIW
;;;;;;;;;;;;;;;;;;;;FQM;KWR
;;;;;;;;;;;;;;;;;;;;FQMZ;
;;;;;;;;;;;;;;;;;;;;FQVLF;
12.01.2010;Clipper Windpo;wer;P;LC;3511;Machinery;;United;Kingdom;United Technologies Corp;Aerospace;and Aircraft;;3724;United States;39.32;206.142;905122;31241F;UTX;CWP
12.01.2010;Clipper Windpo;wer;P;LC;3511;Machinery;;United;Kingdom;United Technologies Corp;Aerospace;and Aircraft;;3724;United States;oct.17;63.955;905122;31241F;UTX;CWP
18.12.2009;Energybuild Gr;oup;P;LC;1221;Mining;;United;Kingdom;Western Coal Corp;Mining;;;1221;Canada;25.67;14.106;68639J;50916J;WTN;EBG
;;;;;;;;;;;;;;;;;;;;WTN;
29.12.2009;Pantheon Resou;rce;s;PLC;1311;"Oil and Gas; Petroleum";Refining;United;Kingdom;Argo Exploration Ltd;Mining;;;1041;Australia;juin.86;1.483;41470W;35607F;AXT;PANR
26.01.2010;Kalahari Miner;als;P;LC;1094;Mining;;United;Kingdom;Regent Pacific Group Ltd;Drugs;;;2836;Hong Kong;mars.21;19.201;890514;54172M;575;KAH
01.02.2010;Brinkley Minin;g P;LC;;1094;Mining;;United;Kingdom;Eurogold Ltd;Mining;;;1041;Australia;11.sept;0.946;779521;54209H;EUG;BRM
;;;;;;;;;;;;;;;;;;;;EUG.L;
29.06.2010;Rugby Estates;Inv;es;t Trust PLC;6798;Investment & Commodity;Firms,Dealers,Ex;changes     United;Kingdom;ING Real Estate Income Trust;Investmen;t & Commodity F;irms,Dealers,Exchanges;6726;Guernsey;100.00;57.419;32115N;50540W;IRET;RUGB
;;;;;;;;;;;;;;;;;;;;IRET;
12.05.2010;Gladstone PLC;;;;7372;Prepackaged Software;;United;Kingdom;Constellation Software Inc;Prepackag;ed Software;;7372;Canada;56.52;13.482;35966Q;892158;CSU;GLD
02.03.2010;Gladstone PLC;;;;7372;Prepackaged Software;;United;Kingdom;Constellation Software Inc;Prepackag;ed Software;;7372;Canada;13.64;;35966Q;892158;CSU;GLD
30.03.2010;Western & Orie;nta;l;PLC;4724;Transportation and Ship;ping (except air;)           United;Kingdom;Options Cassoulides PLC;Investmen;t & Commodity F;irms,Dealers,Exchanges;6799;Cyprus;27.80;2.261;892329;32972F;OPT;WEST
24.04.2012;Japaninvest Gr;oup;P;LC;6282;Investment & Commodity;Firms,Dealers,Ex;changes     United;Kingdom;Societe Generale SA;Commercia;l Banks, Bank H;olding Companies;6000;France;25.janv;;755457;413482;GLE;3827
10.08.2010;Energybuild Gr;oup;P;LC;1221;Mining;;United;Kingdom;Western Coal Corp;Mining;;;1221;Canada;45.29;35.627;68639J;50916J;WTN;EBG
;;;;;;;;;;;;;;;;;;;;WTN;
09.06.2010;Kryso Resource;s P;LC;;1041;Mining;;United;Kingdom;Natasa Mining Ltd;Investmen;t & Commodity F;irms,Dealers,Exchanges;6799;Australia;15.00;3.369;41006R;29788H;NSN;KYS
26.07.2010;Intelek PLC;;;;3679;Electronic and Electric;al Equipment;United;Kingdom;Teledyne Technologies Inc;Measuring;, Medical, Phot;"o Equipment; Clocks";3812;United States;83.86;41.157;277669;901451;TDY;ITK.L
02.07.2010;Caledon Resour;ces;P;LC;1221;Mining;;United;Kingdom;Polo Resources Ltd;Mining;;;1221;British Virgi;n  4.81;4.923;50993F;281393;POL;CCD
;;;;;;;;;;;;;;;;;;;;POL;CDN
19.07.2010;Corero PLC;;;;7372;Prepackaged Software;;United;Kingdom;Rivington Street Holdings PL;C      Investmen;t & Commodity F;irms,Dealers,Exchanges;6282;Isle of Man;10.août;1.327;;882420;RIVP;CORO
28.09.2010;China Food Co;PLC;;;2033;Food and Kindred Produc;ts;United;Kingdom;Hermesholdings Co Ltd;Communica;tions Equipment;;3663;South Korea;22.68;22.397;315232;50643M;12400;CFC
17.08.2010;F&C Asset Mana;gem;en;t PLC;6282;Investment & Commodity;Firms,Dealers,Ex;changes     United;Kingdom;Sherborne Investors(Guernsey;)A     Investmen;t & Commodity F;irms,Dealers,Exchanges;6799;Guernsey;mai.23;24.401;68956F;940938;SIAGS;FCAM
18.11.2010;Brinkley Minin;g P;LC;;1094;Mining;;United;Kingdom;Eurogold Ltd;Mining;;;1041;Australia;58.90;4.545;779521;54209H;EUG;BRM
;;;;;;;;;;;;;;;;;;;;EUG.L;
14.12.2010;Clipper Windpo;wer;P;LC;3511;Machinery;;United;Kingdom;United Technologies Corp;Aerospace;and Aircraft;;3724;United States;50.10;111.121;905122;31241F;UTX;CWP
30.11.2010;Intec Telecom;Sys;te;ms PLC;7372;Prepackaged Software;;United;Kingdom;Csg Systems International In;c      Business;Services;;7374;United States;100.00;371.169;873110;295610;CSGS;ITL
21.12.2010;African Diamon;ds;pl;c;1499;Mining;;United;Kingdom;Lucara Diamond Corp;Mining;;;1499;Canada;100.00;159.472;53693V;27238X;LUC;AFD
;;;;;;;;;;;;;;;;;;;;LUCRF;
17.12.2010;BlueBay Asset;Man;ag;ement PLC;6282;Investment & Commodity;Firms,Dealers,Ex;changes     United;Kingdom;Royal Bank Of Canada;Commercia;l Banks, Bank H;olding Companies;6000;Canada;100.00;1,531.678;905386;41389X;RY;BBAY
;;;;;;;;;;;;;;;;;;;;RY;
01.02.2011;Asset Manageme;nt;In;vestment Co;6282;Investment & Commodity;Firms,Dealers,Ex;changes     United;Kingdom;GLI Finance Ltd;Credit In;stitutions;;6141;Guernsey;100.00;21.099;31324X;960478;GLI;AMN
;;;;;;;;;;;;;;;;;;;;GLIF;
04.10.2011;Redefine Inter;nat;io;nal PLC;6798;Investment & Commodity;Firms,Dealers,Ex;changes     United;Kingdom;Wichford PLC;Investmen;t & Commodity F;irms,Dealers,Exchanges;6798;Isle of Man;99.45;348.783;29298X;36045M;WICH;RDI
23.02.2011;Centric Energy;Co;rp;;1311;"Oil and Gas; Petroleum";Refining;United;Kingdom;Africa Oil Corp;Oil and G;"as; Petroleum R";efining;1311;Canada;100.00;60.894;867755;547146;AOI;CTE
;;;;;;;;;;;;;;;;;;;;AOI;
;;;;;;;;;;;;;;;;;;;;N/A;
21.04.2011;ProStrakan Gro;up;PL;C;2834;Drugs;;United;Kingdom;Kyowa Hakko Kirin Co Ltd;Drugs;;;2833;Japan;100.00;473.173;930815;30234L;4151;PSK
01.06.2011;Islamic Bank o;f B;ri;tain PLC;6000;Commercial Banks, Bank;Holding Companie;s           United;Kingdom;Qatar Intl Islamic Bank QSC;Commercia;l Banks, Bank H;olding Companies;6000;Qatar;19.mai;7.761;51067N;29384W;QIIK;IBB
30.09.2011;Global Energy;Dev;el;opment PLC;1311;"Oil and Gas; Petroleum";Refining;United;Kingdom;HKN Inc;Oil and G;"as; Petroleum R";efining;1311;United States;40.72;16.947;997030;257909;HKN;GED
09.11.2011;Axis-Shield PL;C;;;2835;Drugs;;United;Kingdom;Alere Inc;Drugs;;;2835;United States;100.00;362.723;14719X;323592;ALR;ASD.L
04.10.2011;Prime Focus Lo;ndo;n;PLC;7812;Motion Picture Producti;on and Distribut;ion         United;Kingdom;Prime Focus Ltd;Motion Pi;cture Productio;n and Distribution;7812;India;mai.48;0.139;50688W;953844;532748;PFO
;;;;;;;;;;;;;;;;;;;;PFOCUS;
23.01.2012;Vallar PLC;;;;6726;Investment & Commodity;Firms,Dealers,Ex;changes     United;Kingdom;Borneo Lumbung Energi;Mining;;;1221;Indonesia;23.80;1,000.001;72863J;69755H;BORN;VAA
;;;;;;;;;;;;;;;;;;;;PBTLF;
31.01.2012;Hamworthy PLC;;;;3563;Machinery;;United;Kingdom;Wartsila Oyj Abp;Machinery;;;3519;Finland;100.00;590.237;772963;51775F;WRTS;HMY
21.03.2012;Collins Stewar;t H;aw;kpoint PLC;6282;Investment & Commodity;Firms,Dealers,Ex;changes     United;Kingdom;Canaccord Financial Inc;Investmen;t & Commodity F;irms,Dealers,Exchanges;6211;Canada;100.00;369.345;29050N;267630;CF;CSHP
;;;;;;;;;;;;;;;;;;;;CF;
21.12.2011;Optare PLC;;;;3711;Transportation Equipmen;t;United;Kingdom;Ashok Leyland Ltd;Transport;ation Equipment;;3711;India;36.33;5.715;772095;51680Q;500477;OPE
;;;;;;;;;;;;;;;;;;;;ASHOKL;
18.06.2012;Synchronica PL;C;;;3669;Communications Equipmen;t;United;Kingdom;Myriad Group AG;Prepackag;ed Software;;7372;Switzerland;100.00;37.643;31296C;70194C;MYRN;SYNC
;;;;;;;;;;;;;;;;;;;;;SYNC
28.03.2012;Colliers Inter;nat;io;nal UK PLC;6531;"Real Estate; Mortgage B";ankers and Broke;rs          United;Kingdom;FirstService Corp;Real Esta;"te; Mortgage Ba";nkers and Brokers;6531;Canada;100.00;22.00;329118;257601;FSRV;COL
;;;;;;;;;;;;;;;;;;;;FSV;
05.03.2012;Redhall Group;PLC;;;8711;Business Services;;United;Kingdom;Groupe Gorge SA;Machinery;;;3559;France;15.15;1.794;673217;910123;GOE;RHL
22.05.2012;Rock Solid Ima;ges;p;lc;8713;Business Services;;United;Kingdom;Thalassa Holdings Ltd;Business;Services;;8713;British Virgi;n  8.71;0.45;53725P;28575L;THAL;RSI
04.07.2012;GoIndustry-Dov;ebi;d;PLC;7389;Business Services;;United;Kingdom;Liquidity Services Inc;Miscellan;eous Retail Tra;de;5961;United States;100.00;30.999;32885P;30476E;LQDT;GOI
07.06.2012;Clinton Cards;PLC;;;2771;Printing, Publishing, a;nd Allied Servic;es          United;Kingdom;American Greetings Corp;Printing,;Publishing, an;d Allied Services;2771;United States;100.00;;921249;943605;AM;CLCD
01.08.2012;WSP Group PLC;;;;8741;Business Services;;United;Kingdom;Genivar Inc;Business;Services;;8711;Canada;100.00;431.22;35941R;25570N;GNV;WSH
13.06.2012;Horizonte Mine;ral;s;PLC;1041;Mining;;United;Kingdom;Teck Resources Ltd;Mining;;;1222;Canada;07.mai;3.069;14409P;35739Q;TECK;HZM
;;;;;;;;;;;;;;;;;;;;TECK.A;HZM
;;;;;;;;;;;;;;;;;;;;TECK.B;
01.10.2012;Psion PLC;;;;3661;Communications Equipmen;t;United;Kingdom;Motorola Solutions Inc;Communica;tions Equipment;;3663;United States;100.00;194.677;904878;943529;MOT;PON-LN
13.07.2012;Aegis Group PL;C;;;7319;Advertising Services;;United;Kingdom;Dentsu Inc;Advertisi;ng Services;;7311;Japan;15.00;651.16;14790N;917597;4324;AGS
26.03.2013;Aegis Group PL;C;;;7319;Advertising Services;;United;Kingdom;Dentsu Inc;Advertisi;ng Services;;7311;Japan;86.37;4,116.758;14790N;917597;4324;AGS
19.10.2012;Titan Europe P;LC;;;3714;Transportation Equipmen;t;United;Kingdom;Titan International Inc;Transport;ation Equipment;;3714;United States;78.33;137.655;328792;54176R;TWI;TSW
10.10.2012;Melrose Resour;ces;P;LC;1311;"Oil and Gas; Petroleum";Refining;United;Kingdom;Petroceltic International PL;C      Oil and G;"as; Petroleum R";efining;1311;Ireland-Rep;100.00;259.836;999779;282045;IEX;MRS
;;;;;;;;;;;;;;;;;;;;PCI;
25.01.2013;Aurelian Oil &;Ga;s;PLC;1311;"Oil and Gas; Petroleum";Refining;United;Kingdom;San Leon Energy PLC;Oil and G;"as; Petroleum R";efining;1311;Ireland-Rep;100.00;97.802;54105M;77518V;SLEN;AROGF
;;;;;;;;;;;;;;;;;;;;;AUL
30.01.2013;Manchester Uni;ted;P;LC;7941;Amusement and Recreatio;n Services;United;Kingdom;BlackRock Inc;Investmen;t & Commodity F;irms,Dealers,Exchanges;6211;United States;août.21;;274794;87312Q;BLK;MANU
06.05.2013;ISIS Property;Tru;st;Ltd;6798;Investment & Commodity;Firms,Dealers,Ex;changes     United;Kingdom;IRP Property Investments Ltd;Investmen;t & Commodity F;irms,Dealers,Exchanges;6733;Guernsey;100.00;;29043P;;IRP;IPT
22.05.2013;Fluormin Plc;;;;1479;Mining;;United;Kingdom;Vanoil Energy Ltd;Oil and G;"as; Petroleum R";efining;1382;Canada;94.02;19.871;68616P;77662P;VEL;MMS
17.06.2013;HR Owen PLC;;;;5511;Miscellaneous Retail Tr;ade;United;Kingdom;Berjaya Philippines Inc;Business;Services;;7359;Philippines;29.81;13.091;315797;953810;PGPI;HRO
17.01.2014;Invensys PLC;;;;3823;Measuring, Medical, Pho;"to Equipment; Cl";ocks        United;Kingdom;Schneider Electric SA;Electroni;c and Electrica;l Equipment;3612;France;100.00;5,012.131;998075;905110;SCH;ISYS
;;;;;;;;;;;;;;;;;;;;SU;
14.10.2013;HR Owen PLC;;;;5511;Miscellaneous Retail Tr;ade;United;Kingdom;Berjaya Philippines Inc;Business;Services;;7359;Philippines;70.18;44.523;315797;953810;PGPI;HRO
09.01.2014;Edwards Group;Ltd;;;3561;Machinery;;United;Kingdom;Atlas Copco AB;Machinery;;;3563;Sweden;100.00;1,598.392;929448;87135H;ATCO A;EVAC
;;;;;;;;;;;;;;;;;;;;ATCO B;
;;;;;;;;;;;;;;;;;;;;ATLCY;
;;;;;;;;;;;;;;;;;;;;ATLKY;
21.11.2013;Noble Investme;nts;(U;K)PLC;7389;Business Services;;United;Kingdom;The Stanley Gibbons Group PL;C      Business;Services;;7375;Jersey;100.00;69.452;263335;255080;SGI;NBL
07.02.2014;Delcam PLC;;;;7372;Prepackaged Software;;United;Kingdom;Autodesk Inc;Prepackag;ed Software;;7372;United States;100.00;264.963;702259;898071;ADSK;DLC
;;;;;;;;;;;;;;;;;;;;;DLC
23.01.2014;Xenetic Biosci;enc;es;Plc;2836;Drugs;;United;Kingdom;General Sales & Leasing Inc;Air Trans;portation and S;hipping;4522;United States;100.00;2.699;87144L;263302;N/A;XEN
17.11.2013;Bnk of Lndn &;The;M;iddle East;6000;Commercial Banks, Bank;Holding Companie;s           United;Kingdom;Boubyan Bank K.S.C.P.;Commercia;l Banks, Bank H;olding Companies;6000;Kuwait;mars.76;19.225;36170J;90370C;BOUBYA;BLME
21.08.2014;Wolfson Microe;lec;tr;onics PLC;3674;Electronic and Electric;al Equipment;United;Kingdom;Cirrus Logic Inc;Electroni;c and Electrica;l Equipment;3674;United States;100.00;461.709;541815;27886E;CRUS;WLF
11.12.2014;TUI Travel PLC;;;;4724;Transportation and Ship;ping (except air;)           United;Kingdom;TUI AG;Transport;ation and Shipp;ing (except air);4724;Germany;53.96;4,633.184;866055;911448;TUI;TT
;;;;;;;;;;;;;;;;;;;;TUI1;
;;;;;;;;;;;;;;;;;;;;TUI1;
02.11.2015;Synergy Health;PL;C;;8099;Health Services;;United;Kingdom;STERIS Corp;Measuring;, Medical, Phot;"o Equipment; Clocks";3842;United States;100.00;1,850.499;325895;14408R;STE;SYR
31.03.2015;Japaninvest Gr;oup;P;LC;6282;Investment & Commodity;Firms,Dealers,Ex;changes     United;Kingdom;Haitong Intl Sec Grp Ltd;Investmen;t & Commodity F;irms,Dealers,Exchanges;6211;Hong Kong;100.00;19.763;28657X;413482;665;3827
21.04.2015;Narborough Pla;nta;ti;ons PLC;2076;Food and Kindred Produc;ts;United;Kingdom;Riverview Rubber Estates Bhd;Rubber an;d Miscellaneous;Plastic Products;3061;Malaysia;24.20;6.503;502164;911365;R'VIEW;NBP
22.05.2015;Optos PLC;;;;3827;Measuring, Medical, Pho;"to Equipment; Cl";ocks        United;Kingdom;Nikon Corp;Measuring;, Medical, Phot;"o Equipment; Clocks";3861;Japan;100.00;398.762;916561;870841;7731;OPTS
11.06.2015;Domino Printin;g S;ci;ences PLC;3555;Machinery;;United;Kingdom;Brother Industries Ltd;Computer;and Office Equi;pment;3579;Japan;100.00;1,538.539;932068;910043;6448;DMIPY
;;;;;;;;;;;;;;;;;;;;6448;DNO
;;;;;;;;;;;;;;;;;;;;BRTHY;
30.06.2015;TSB Banking Gr;oup;p;lc;6000;Commercial Banks, Bank;Holding Companie;s           United;Kingdom;Banco de Sabadell SA;Commercia;l Banks, Bank H;olding Companies;6000;Spain;100.00;2,529.77;258990;8915J1;BDS;TSB
;;;;;;;;;;;;;;;;;;;;BDSX;
;;;;;;;;;;;;;;;;;;;;SAB;
;;;;;;;;;;;;;;;;;;;;SAB;
;;;;;;;;;;;;;;;;;;;;SAB;
;;;;;;;;;;;;;;;;;;;;SAB;
04.01.2016;Pace PLC;;;;3651;Electronic and Electric;al Equipment;United;Kingdom;ARRIS Group Inc;Communica;tions Equipment;;3663;United States;100.00;2,045.842;329968;875854;ARRS;PIC
15.01.2016;Telecity Group;PL;C;;7376;Business Services;;United;Kingdom;Equinix Inc;Investmen;t & Commodity F;irms,Dealers,Exchanges;6798;United States;100.00;3,773.255;261977;51221X;EQIX;TCY
;;;;;;;;;;;;;;;;;;;;EQIX34;
02.02.2016;Betfair Group;PLC;;;7999;Amusement and Recreatio;n Services;United;Kingdom;Paddy Power PLC;Amusement;and Recreation;Services;7999;Ireland-Rep;100.00;4,388.811;255282;71983L;PLS;BET
04.10.2016;SABMiller PLC;;;;2082;Food and Kindred Produc;ts;United;Kingdom;Anheuser-Busch Inbev SA/NV;Food and;Kindred Product;s;2082;Belgium;100.00;101,475.793;289504;695504;ABI;SAB
;;;;;;;;;;;;;;;;;;;;ITK;SABJ.J
;;;;;;;;;;;;;;;;;;;;ITK;
;;;;;;;;;;;;;;;;;;;;ITK;
17.08.2016;Darty PLC;;;;5722;Retail Trade-Home Furni;shings;United;Kingdom;Grpe Fnac Sa;Miscellan;eous Retail Tra;de;5942;France;100.00;1,302.906;992590;27199M;FNAC;DRTY
20.10.2015;Ithaca Energy;Inc;;;1311;"Oil and Gas; Petroleum";Refining;United;Kingdom;Delek Group Ltd;Oil and G;"as; Petroleum R";efining;1382;Israel;19.90;66.041;142015;35976M;DLEKG;IAE
;;;;;;;;;;;;;;;;;;;;;IAE
15.10.2015;Betterware Ltd;;;;5963;Miscellaneous Retail Tr;ade;United;Kingdom;CVSL Inc;Miscellan;eous Retail Tra;de;5963;United States;100.00;;51516C;907521;CVSL;BETL
;;;;;;;;;;;;;;;;;;;;CVSL;
03.11.2015;Promethean Wor;ld;PL;C;7372;Prepackaged Software;;United;Kingdom;NetDragon Websoft Inc;Prepackag;ed Software;;7372;China;100.00;130.001;51218X;68983V;777;PMTWF
;;;;;;;;;;;;;;;;;;;;;PRW
08.03.2016;Plethora Solut;ion;s;Hldg PLC;2834;Drugs;;United;Kingdom;Regent Pacific Group Ltd;Drugs;;;2836;Hong Kong;70.12;111.142;890514;30458E;575;PLE
07.04.2016;KBC Advanced T;ech;no;logies Plc;7372;Prepackaged Software;;United;Kingdom;Yokogawa Electric Corp;Measuring;, Medical, Phot;"o Equipment; Clocks";3823;Japan;100.00;247.253;912082;888545;6841;KBCAT
18.04.2016;Amara Mining P;LC;;;1041;Mining;;United;Kingdom;Perseus Mining Ltd;Mining;;;1041;Australia;100.00;84.505;29292T;29906K;PRU;AMARA
;;;;;;;;;;;;;;;;;;;;PRU;AMZ
12.07.2016;Markit Ltd;;;;7375;Business Services;;United;Kingdom;IHS Inc;Business;Services;;7371;United States;100.00;5,492.355;30257N;88989Y;IHS;MRKT
29.03.2016;Premier Foods;PLC;;;2015;Food and Kindred Produc;ts;United;Kingdom;Nissin Foods Hldg Co Ltd;Food and;Kindred Product;s;2098;Japan;19.90;146.299;930541;28961T;2897;PFD
05.09.2016;ARM Holdings P;LC;;;3674;Electronic and Electric;al Equipment;United;Kingdom;SoftBank Group Corp;Telecommu;nications;;4812;Japan;99.28;31,879.489;140292;679297;9984;ARM
;;;;;;;;;;;;;;;;;;;;SFTBY;ARMH
09.12.2016;Transocean Par;tne;rs;LLC;1381;"Oil and Gas; Petroleum";Refining;United;Kingdom;Transocean Ltd;Oil and G;"as; Petroleum R";efining;1381;Switzerland;48.05;264.345;322668;8917MG;RIG;RIGP
;;;;;;;;;;;;;;;;;;;;RIGN;
09.09.2016;Local Shopping;RE;IT;PLC;6512;"Real Estate; Mortgage B";ankers and Broke;rs          United;Kingdom;Thalassa Holdings Ltd;Business;Services;;8713;British Virgi;n  12.65;4.788;53725P;50472N;THAL;LSR
12.09.2016;Local Shopping;RE;IT;PLC;6512;"Real Estate; Mortgage B";ankers and Broke;rs          United;Kingdom;Thalassa Holdings Ltd;Business;Services;;8713;British Virgi;n  7.55;2.719;53725P;50472N;THAL;LSR
22.12.2016;UK Mail Group;PLC;;;4215;Transportation and Ship;ping (except air;)           United;Kingdom;Deutsche Post AG;Transport;ation and Shipp;ing (except air);4215;Germany;100.00;315.958;280599;319875;DPW;UKM
14.12.2016;Charlemagne Ca;pit;al;Ltd;6282;Investment & Commodity;Firms,Dealers,Ex;changes     United;Kingdom;Fiera Capital Corp;Investmen;t & Commodity F;irms,Dealers,Exchanges;6282;Canada;100.00;41.491;729902;32990K;FSZ;CCAP
14.12.2016;Cyprotex PLC;;;;7372;Prepackaged Software;;United;Kingdom;Evotec AG;Drugs;;;2834;Germany;100.00;43.887;278249;257863;EVT;CRX
;;;;;;;;;;;;;;;;;;;;EVTCY;
21.12.2016;Avesco Group P;LC;;;6282;Investment & Commodity;Firms,Dealers,Ex;changes     United;Kingdom;NEP Group Inc;Motion Pi;cture Productio;n and Distribution;7819;United States;99.99;154.232;9814FH;28267F;NEPG;AVS
22.12.2016;Faroe Petroleu;m P;LC;;1311;"Oil and Gas; Petroleum";Refining;United;Kingdom;Delek Group Ltd;Oil and G;"as; Petroleum R";efining;1382;Israel;13.18;52.842;142015;27214P;DLEKG;FPM
12.01.2017;Johnston Press;PL;C;;2711;Printing, Publishing, a;nd Allied Servic;es          United;Kingdom;Crystal Amber Fund Ltd;Investmen;t & Commodity F;irms,Dealers,Exchanges;6726;Guernsey;nov.89;;53543T;943610;CRS;JPR
;;;;;;;;;;;;;;;;;;;;CRS;
19.01.2017;Lombard Medica;l I;nc;;3845;Measuring, Medical, Pho;"to Equipment; Cl";ocks        United;Kingdom;Microport Scientific Corp;Measuring;, Medical, Phot;"o Equipment; Clocks";3841;China;29.00;15.mars;70122J;8833CJ;853;EVAR
;;;;;;;;;;;;;;;;;;;;MCRPF;
31.03.2017;NetPlay TV PLC;;;;7372;Prepackaged Software;;United;Kingdom;Betsson AB;Business;Services;;7375;Sweden;100.00;31.746;870804;257470;BETS B;NPT
04.05.2017;Ithaca Energy;Inc;;;1311;"Oil and Gas; Petroleum";Refining;United;Kingdom;Delek Group Ltd;Oil and G;"as; Petroleum R";efining;1382;Israel;78.37;507.739;142015;35976M;DLEKG;IAE
;;;;;;;;;;;;;;;;;;;;;IAE
01.03.2017;Management Res;our;ce;Solutions;7699;Repair Services;;United;Kingdom;URU Metals Ltd;Mining;;;1094;Canada;août.85;1.169;50950F;9230UE;URU;MRS
25.08.2017;Waterman Group;PL;C;;8711;Business Services;;United;Kingdom;CTI Engineering Co Ltd;Business;Services;;8711;Japan;100.00;55.701;140172;943688;9621;WTM
12.09.2017;Berendsen PLC;;;;7218;Personal Services;;United;Kingdom;Elis SA;Personal;Services;;7213;France;100.00;2,785.23;9301ZZ;900954;ELIS;BRSN
16.01.2018;Worldpay Group;PL;C;;7389;Business Services;;United;Kingdom;Vantiv Inc;Business;Services;;7389;United States;100.00;9,814.099;86920C;8676HC;VNTV;WPG
02.10.2017;Novae Group PL;C;;;6331;Insurance;;United;Kingdom;Axis Capital Holdings Ltd;Insurance;;;6331;Bermuda;100.00;611.266;27132M;960108;AXS;NVA
14.03.2018;Aldermore Grou;p P;LC;;6141;Credit Institutions;;United;Kingdom;FirstRand Ltd;Investmen;t & Commodity F;irms,Dealers,Exchanges;6799;South Africa;100.00;1,431.877;776872;9364QL;FSR;ALD
;;;;;;;;;;;;;;;;;;;;FST;
09.03.2018;Atlantica Yiel;d P;lc;;4911;Electric, Gas, and Wate;r Distribution;United;Kingdom;Algonquin Power & Utilities;Electric,;Gas, and Water;Distribution;4911;Canada;25.00;607.574;670812;8858KW;AQN;ABY
;;;;;;;;;;;;;;;;;;;;AQUNF;
27.11.2018;Atlantica Yiel;d P;lc;;4911;Electric, Gas, and Wate;r Distribution;United;Kingdom;Algonquin Power & Utilities;Electric,;Gas, and Water;Distribution;4911;Canada;16.50;345.607;670812;8858KW;AQN;ABY
;;;;;;;;;;;;;;;;;;;;AQUNF;
15.12.2017;AFH Financial;Gro;up;PLC;6282;Investment & Commodity;Firms,Dealers,Ex;changes     United;Kingdom;BlackRock Inc;Investmen;t & Commodity F;irms,Dealers,Exchanges;6211;United States;05.juin;;274794;77312Q;BLK;AFHP
10.06.2019;Lonmin PLC;;;;1099;Mining;;United;Kingdom;Sibanye Gold Ltd;Mining;;;1041;South Africa;100.00;288.732;;902232;SBGL;LMI
;;;;;;;;;;;;;;;;;;;;SGL;LON
26.04.2018;Stellar Diamon;ds;PL;C;1499;Mining;;United;Kingdom;Newfield Resources Ltd;Mining;;;1041;Australia;100.00;11.007;87212F;41161J;NWF;STEL
07.11.2018;Sky PLC;;;;4833;Radio and Television Br;oadcasting Stati;ons         United;Kingdom;Comcast Corp;Radio and;Television Bro;adcasting Stations;4841;United States;100.00;39,913.424;981550;135116;CMCSA;BSY
;;;;;;;;;;;;;;;;;;;;CMCSK;SKY
31.05.2018;Fenner Plc;;;;3052;Rubber and Miscellaneou;s Plastic Produc;ts          United;Kingdom;Michelin;Rubber an;d Miscellaneous;Plastic Products;3011;France;100.00;1,669.344;912397;900575;MGDDY;FENR
;;;;;;;;;;;;;;;;;;;;ML;
04.04.2018;Faroe Petroleu;m P;LC;;1311;"Oil and Gas; Petroleum";Refining;United;Kingdom;DNO ASA;Oil and G;"as; Petroleum R";efining;1311;Norway;10.00;64.412;945938;27214P;DNO;FPM
05.04.2018;Faroe Petroleu;m P;LC;;1311;"Oil and Gas; Petroleum";Refining;United;Kingdom;DNO ASA;Oil and G;"as; Petroleum R";efining;1311;Norway;15.37;99.017;945938;27214P;DNO;FPM
01.10.2018;Artilium PLC;;;;7372;Prepackaged Software;;United;Kingdom;Pareteum Corp;Business;Services;;7371;United States;92.20;92.351;362762;287730;TEUM;ARTA
15.10.2018;Corero Network;Se;cu;rity PLC;7372;Prepackaged Software;;United;Kingdom;Juniper Networks Inc;Computer;and Office Equi;pment;3577;United States;;2.631;699943;882420;JNPR;CORO
21.03.2019;Faroe Petroleu;m P;LC;;1311;"Oil and Gas; Petroleum";Refining;United;Kingdom;DNO ASA;Oil and G;"as; Petroleum R";efining;1311;Norway;71.78;544.576;945938;27214P;DNO;FPM
17.04.2019;Belmond Ltd;;;;7011;Hotels and Casinos;;United;Kingdom;LVMH Moet Hennessy LV SE;Miscellan;eous Retail Tra;de;5948;France;100.00;2,574.758;916658;261872;LVMH;BEL
;;;;;;;;;;;;;;;;;;;;LVMUY;
03.09.2019;Porta Communic;ati;on;s PLC;8742;Business Services;;United;Kingdom;SEC SpA;Legal Ser;vices;;8111;Italy;83.08;5.155;7747Q5;31107D;SECG;PTCM
14.10.2019;Bacanora Lithi;um;PL;C;3295;Stone, Clay, Glass, and;Concrete Produc;ts          United;Kingdom;Ganfeng Lithium Co Ltd;Chemicals;and Allied Pro;ducts;2819;China;42.84;18.314;69821P;8951GM;2460;BCN
;;;;;;;;;;;;;;;;;;;;1772;
22.07.2019;Patagonia Gold;PL;C;;1041;Mining;;United;Kingdom;Hunt Mining Corp;Mining;;;1099;United States;100.00;21.639;51969E;15261D;HMX;PAT
;;;;;;;;;;;;;;;;;;;;HMXZF;PGD
03.06.2019;Purplebricks G;rou;p;PLC;6531;"Real Estate; Mortgage B";ankers and Broke;rs          United;Kingdom;Axel Springer SE;Printing,;Publishing, an;d Allied Services;2721;Germany;14.26;55.197;688869;8787KZ;0NV2;PURP
;;;;;;;;;;;;;;;;;;;;SPR;
;;;;;;;;;;;;;;;;;;;;SPR;
;;;;;;;;;;;;;;;;;;;;SPR;
;;;;;;;;;;;;;;;;;;;;SPR;
;;;;;;;;;;;;;;;;;;;;SPR;
;;;;;;;;;;;;;;;;;;;;SPR;
;;;;;;;;;;;;;;;;;;;;SPR;
;;;;;;;;;;;;;;;;;;;;SPR;
;;;;;;;;;;;;;;;;;;;;SPRDE;
;;;;;;;;;;;;;;;;;;;;SPRGN;
;;;;;;;;;;;;;;;;;;;;SPRGNE;
20.06.2019;Rdl Realisatio;n P;LC;;6799;Investment & Commodity;Firms,Dealers,Ex;changes     United;Kingdom;Oaktree Capital Group LLC;Investmen;t & Commodity F;irms,Dealers,Exchanges;6282;United States;juil.37;;77313P;9461DE;OAK;RDL
;;;;;;;;;;;;;;;;;;;;OAKTRZ;
31.07.2019;Staffline Grou;p P;LC;;7361;Business Services;;United;Kingdom;HRnetGroup Ltd;Business;Services;;7361;Singapore;16.93;25.524;9106KY;29805X;CHZ;STAF
31.01.2020;Just Eat PLC;;;;5961;Miscellaneous Retail Tr;ade;United;Kingdom;Takeaway.com NV;Miscellan;eous Retail Tra;de;5961;Netherlands;100.00;8,157.337;2600CP;8856H5;TKWY;JE.
28.12.2019;Myovant Scienc;es;Lt;d;2834;Drugs;;United;Kingdom;Sumitomo Dainippon Pharma Co;Drugs;;;2834;Japan;46.00;;930837;2644WD;4506;MYOV
09.12.2019;Capital & Regi;ona;l;PLC;6798;Investment & Commodity;Firms,Dealers,Ex;changes     United;Kingdom;Growthpoint Properties Ltd;Investmen;t & Commodity F;irms,Dealers,Exchanges;6798;South Africa;73.13;193.557;152459;917191;GRT;CAL
08.10.2019;The Scottish S;alm;on;Co PLC;273;Agriculture, Forestry,;and Fishing;United;Kingdom;P/F Bakkafrost;Food and;Kindred Product;s;2091;Faroe Islands;77.91;473.685;69048X;69746Q;BAKKA;SSC
31.12.2019;The Scottish S;alm;on;Co PLC;273;Agriculture, Forestry,;and Fishing;United;Kingdom;P/F Bakkafrost;Food and;Kindred Product;s;2091;Faroe Islands;17.70;107.589;69048X;69746Q;BAKKA;SSC
17.12.2019;Eland Oil & Ga;s P;LC;;1311;"Oil and Gas; Petroleum";Refining;United;Kingdom;Seplat Petro Dvlp Co Ltd;Oil and G;"as; Petroleum R";efining;1311;Nigeria;100.00;451.146;8859NN;87459T;SEPL;ELA
;;;;;;;;;;;;;;;;;;;;SEPLAT;
16.01.2021;Fiat Chrysler;Aut;om;obiles NV;3711;Transportation Equipmen;t;United;Kingdom;Peugeot SA;Transport;ation Equipment;;3711;France;100.00;22,119.908;912709;907656;UG;FCAU
;;;;;;;;;;;;;;;;;;;;;FCAU
30.10.2019;Universal Coal;PL;C;;1222;Mining;;United;Kingdom;TerraCom Ltd;Mining;;;1221;Australia;19.90;35.349;69680X;72977R;TER;UNV
19.02.2020;Bnk of Lndn &;The;M;iddle East;6000;Commercial Banks, Bank;Holding Companie;s           United;Kingdom;Boubyan Bank K.S.C.P.;Commercia;l Banks, Bank H;olding Companies;6000;Kuwait;58.84;120.938;36170J;90370C;BOUBYA;BLME
20.01.2020;Hvivo PLC;;;;2834;Drugs;;United;Kingdom;Open Orphan PLC;Business;Services;;8731;Ireland-Rep;100.00;15.698;87937H;87082K;ORPH;HVO
10.01.2020;Acacia Pharma;Gro;up;PLC;2834;Drugs;;United;Kingdom;Cosmo Pharmaceuticals NV;Drugs;;;2834;Ireland-Rep;14.oct;11.105;50275P;9276CD;COPN;ACPH
10.01.2020;Circassia Phar;mac;eu;ticals PLC;2834;Drugs;;United;Kingdom;CIP Merchant Capital Ltd;Investmen;t & Commodity F;irms,Dealers,Exchanges;6726;Guernsey;mars.41;3.658;9232LK;8785K2;CIP;CIR
01.10.2020;Delphi Technol;ogi;es;PLC;3714;Transportation Equipmen;t;United;Kingdom;BorgWarner Inc;Transport;ation Equipment;;3714;United States;100.00;999.436;329709;9217FM;BGW;DLPH
;;;;;;;;;;;;;;;;;;;;BGW;
;;;;;;;;;;;;;;;;;;;;BGW;
;;;;;;;;;;;;;;;;;;;;BGW;
;;;;;;;;;;;;;;;;;;;;BWA;
;;;;;;;;;;;;;;;;;;;;BWA;
;;;;;;;;;;;;;;;;;;;;BWA;
16.04.2020;Bango PLC;;;;7375;Business Services;;United;Kingdom;NHN Corp;Prepackag;ed Software;;7372;South Korea;avr.52;3.965;89561E;31199D;181710;BGO
30.09.2020;Sativa Group P;LC;;;6799;Investment & Commodity;Firms,Dealers,Ex;changes     United;Kingdom;Stillcanna Inc;Business;Services;;8731;Canada;100.00;13.402;;9328M0;STIL;SATI
28.05.2020;The British La;nd;Co;PLC;6798;Investment & Commodity;Firms,Dealers,Ex;changes     United;Kingdom;Brookfield Asset Managemnt I;nc     Real Esta;"te; Mortgage Ba";nkers and Brokers;6513;Canada;juil.30;;895731;901587;BAM;BLND
;;;;;;;;;;;;;;;;;;;;BAM.A;
09.06.2020;Hammerson PLC;;;;6798;Investment & Commodity;Firms,Dealers,Ex;changes     United;Kingdom;Goldman Sachs Group Inc;Investmen;t & Commodity F;irms,Dealers,Exchanges;6282;United States;sept.64;;696738;901596;GS;HMN
;;;;;;;;;;;;;;;;;;;;;HMSO
07.08.2020;Columbus Energ;y R;es;ources PLC;1311;"Oil and Gas; Petroleum";Refining;United;Kingdom;Bahamas Petroleum Co PLC;Oil and G;"as; Petroleum R";efining;1311;Isle of Man;100.00;31.003;29812N;50253M;BPC;CERP
;;;;;;;;;;;;;;;;;;;;BSHPF;LGO
15.01.2021;Modern Water P;LC;;;4941;Electric, Gas, and Wate;r Distribution;United;Kingdom;Integumen PLC;Soaps, Co;smetics, and Pe;rsonal-Care Products;2844;Ireland-Rep;100.00;28.046;9060AR;50622D;SKIN;MWG
29.09.2020;Sensyne Health;PL;C;;8731;Business Services;;United;Kingdom;Acacia Research Corp;Investmen;t & Commodity F;irms,Dealers,Exchanges;6794;United States;nov.74;;26609T;9325C4;ACTG;SENS
28.02.2022;IHS Markit Ltd;;;;7371;Business Services;;United;Kingdom;S&P Global Inc;Business;Services;;7323;United States;100.00;43,478.099;905414;88989Y;SPGI;INFO
20.01.2021;GYG PLC;;;;1721;Construction Firms;;United;Kingdom;Oryx Intrntnl Growth Fund Lt;d      Investmen;t & Commodity F;irms,Dealers,Exchanges;6722;Guernsey;16.65;;135199;9109WY;OIG;GYG
05.05.2021;GW Pharmaceuti;cal;s;PLC;2834;Drugs;;United;Kingdom;Jazz Pharmaceuticals PLC;Drugs;;;2834;United States;100.00;6,826.66;50283L;257555;JAZZ;GWP
;;;;;;;;;;;;;;;;;;;;;GWPH
30.08.2021;Dialog Semicon;duc;to;r PLC;3674;Electronic and Electric;al Equipment;United;Kingdom;Renesas Electronics Corp;Electroni;c and Electrica;l Equipment;3674;Japan;100.00;5,952.158;27230M;275830;6723;DLG
09.08.2022;Bacanora Lithi;um;PL;C;3295;Stone, Clay, Glass, and;Concrete Produc;ts          United;Kingdom;Ganfeng Lithium Co Ltd;Chemicals;and Allied Pro;ducts;2819;China;82.59;256.395;69821P;8951GM;2460;BCN
;;;;;;;;;;;;;;;;;;;;1772;
11.05.2021;THG PLC;;;;5961;Miscellaneous Retail Tr;ade;United;Kingdom;SoftBank Group Corp;Telecommu;nications;;4812;Japan;août.92;721.325;140292;9824M8;9984;THG
;;;;;;;;;;;;;;;;;;;;SFTBY;THGHY
17.05.2021;Aon PLC;;;;6411;Insurance;;United;Kingdom;Berkshire Hathaway Inc;Insurance;;;6331;United States;100.00;940.465;982325;922817;BRKA;A10N34
;;;;;;;;;;;;;;;;;;;;BRKB;AON
12.09.2022;Avast PLC;;;;7372;Prepackaged Software;;United;Kingdom;NortonLifeLock Inc;Prepackag;ed Software;;7372;United States;100.00;8,614.137;541900;92981W;NLOK;AVST
12.09.2022;Meggitt PLC;;;;3728;Aerospace and Aircraft;;United;Kingdom;Parker Hannifin Corp;Metal and;Metal Products;;3491;United States;100.00;8,689.482;905150;910509;PH;MGGT
04.08.2021;Sound Energy P;LC;;;1311;"Oil and Gas; Petroleum";Refining;United;Kingdom;Afriquia Gaz SA;Oil and G;"as; Petroleum R";efining;2911;Morocco;sept.81;;271570;30941L;GAZ;SOU
06.08.2021;Deliveroo Hold;ing;s;PLC;7375;Business Services;;United;Kingdom;Delivery Hero SE;Miscellan;eous Retail Tra;de;5961;Germany;05.sept;417.022;9111G4;2562YH;DHER;ROO
28.01.2022;BHP Group PLC;;;;1011;Mining;;United;Kingdom;BHP Group Ltd;Mining;;;1011;Australia;100.00;80,689.082;906169;899188;BHP;BHP
;;;;;;;;;;;;;;;;;;;;BHP;
;;;;;;;;;;;;;;;;;;;;BHP;
;;;;;;;;;;;;;;;;;;;;BHPNY;
10.11.2021;THG PLC;;;;5961;Miscellaneous Retail Tr;ade;United;Kingdom;T Rowe Price Group Inc;Investmen;t & Commodity F;irms,Dealers,Exchanges;6282;United States;5.00;;729104;9824M8;TROW;THG
;;;;;;;;;;;;;;;;;;;;;THGHY
